environment_id,variant,device,trial,preset,batch_size,images,images_per_second,seconds
j-12402286-job-0,torch,cpu,trial-0-torch-cpu,full,8,1024,34.04237830107543,"[30.104328206041828, 29.858235927997157, 30.08015453396365]"
j-12402286-job-0,torch,cpu,trial-0-torch-cpu,north_europe,8,1024,33.76846736338423,"[30.324147938983515, 30.27414759597741, 30.42432832112536]"
j-12402286-job-0,onnx,cpu,trial-0-onnx-cpu,full,8,1024,36.823971100312555,"[28.11732700583525, 27.807973159942776, 27.415707787964493]"
j-12402286-job-0,onnx,cpu,trial-0-onnx-cpu,north_europe,8,1024,39.83486966086653,"[26.015997915994376, 25.70612151408568, 25.70504664396867]"
j-12402286-job-0,torch-tta,cpu,trial-0-torch-tta-cpu,full,8,1024,11.528776720330582,"[87.47479516896419, 91.94617670285515, 88.82121883705258]"
j-12402286-job-0,torch-tta,cpu,trial-0-torch-tta-cpu,north_europe,8,1024,11.597935503144953,"[88.08198932395317, 91.0903279799968, 88.29157566209324]"
j-12402286-job-0,onnx-tta,cpu,trial-0-onnx-tta-cpu,full,8,1024,13.112669940257966,"[80.34720183187164, 76.71521435119212, 78.09241021587513]"
j-12402286-job-0,onnx-tta,cpu,trial-0-onnx-tta-cpu,north_europe,8,1024,13.27009582554481,"[76.73085354687646, 77.16598383779638, 78.50553843402304]"
j-12402286-job-0,torch,cuda:0,trial-0-torch-cuda-0,full,256,1024,640.1449324127675,"[1.715137304039672, 1.5996377510018647, 1.453258153051138]"
j-12402286-job-0,torch,cuda:0,trial-0-torch-cuda-0,north_europe,256,1024,673.265728397876,"[1.5714211959857494, 1.462558472994715, 1.5209447871893644]"
j-12402286-job-0,onnx,cuda:0,trial-0-onnx-cuda-0,full,256,1024,597.5332456895293,"[1.7360637581441551, 1.6371290409006178, 1.713712178170681]"
j-12402286-job-0,onnx,cuda:0,trial-0-onnx-cuda-0,north_europe,256,1024,605.545513577582,"[1.7592463069595397, 1.5975160330999643, 1.6910372169222683]"
j-12402286-job-0,torch-tta,cuda:0,trial-0-torch-tta-cuda-0,full,256,1024,198.6388734870403,"[5.8052552349399775, 4.933058385970071, 5.155083604855463]"
j-12402286-job-0,torch-tta,cuda:0,trial-0-torch-tta-cuda-0,north_europe,256,1024,204.0579378060664,"[5.018182634841651, 5.161591398064047, 4.959914960898459]"
j-12402286-job-0,onnx-tta,cuda:0,trial-0-onnx-tta-cuda-0,full,256,1024,203.2502389535636,"[5.038124458165839, 5.011830616975203, 5.688519447110593]"
j-12402286-job-0,onnx-tta,cuda:0,trial-0-onnx-tta-cuda-0,north_europe,256,1024,200.95524826672832,"[5.0116610820405185, 5.095661889063194, 5.30839680810459]"
j-12402286-job-0,onnx-tta,cpu,trial-1-onnx-tta-cpu,full,8,1024,12.45846871420143,"[82.94655893812887, 82.1930867661722, 80.58071889891289]"
j-12402286-job-0,onnx-tta,cpu,trial-1-onnx-tta-cpu,north_europe,8,1024,13.154451338979724,"[77.8443717348855, 78.10592608293518, 76.9228190148715]"
j-12402286-job-0,torch-tta,cpu,trial-1-torch-tta-cpu,full,8,1024,11.796456440349788,"[87.78689663484693, 86.26503587304614, 86.80572892189957]"
j-12402286-job-0,torch-tta,cpu,trial-1-torch-tta-cpu,north_europe,8,1024,11.927875241130472,"[85.84932180284522, 86.64871792611666, 85.50610742717981]"
j-12402286-job-0,onnx,cpu,trial-1-onnx-cpu,full,8,1024,36.7664823775916,"[27.401659866794944, 27.906167353037745, 27.851454199058935]"
j-12402286-job-0,onnx,cpu,trial-1-onnx-cpu,north_europe,8,1024,37.27682596375597,"[27.463112919824198, 27.470149979926646, 27.61266869190149]"
j-12402286-job-0,torch,cpu,trial-1-torch-cpu,full,8,1024,34.13436588072897,"[29.999092515092343, 28.876937593100592, 30.756536277011037]"
j-12402286-job-0,torch,cpu,trial-1-torch-cpu,north_europe,8,1024,35.825671462891485,"[28.5828557619825, 28.79824579693377, 28.507902273908257]"
j-12402286-job-0,onnx-tta,cuda:0,trial-1-onnx-tta-cuda-0,full,256,1024,172.91579640944386,"[5.92195751494728, 5.623914316063747, 5.9630442429333925]"
j-12402286-job-0,onnx-tta,cuda:0,trial-1-onnx-tta-cuda-0,north_europe,256,1024,179.717056857759,"[5.754108743974939, 5.637985749868676, 5.697845368180424]"
j-12402286-job-0,torch-tta,cuda:0,trial-1-torch-tta-cuda-0,full,256,1024,187.80079185498832,"[6.130035428097472, 5.452586167957634, 5.228225806960836]"
j-12402286-job-0,torch-tta,cuda:0,trial-1-torch-tta-cuda-0,north_europe,256,1024,198.12210776240224,"[5.097536427201703, 5.374059800058603, 5.168529709102586]"
j-12402286-job-0,onnx,cuda:0,trial-1-onnx-cuda-0,full,256,1024,548.3844976335021,"[1.9139710620511323, 1.867302967933938, 1.8485038930084556]"
j-12402286-job-0,onnx,cuda:0,trial-1-onnx-cuda-0,north_europe,256,1024,583.7695669243686,"[1.751705561997369, 1.7930034210439771, 1.7541167919989675]"
j-12402286-job-0,torch,cuda:0,trial-1-torch-cuda-0,full,256,1024,624.8821454763469,"[1.6678844741545618, 1.63870900683105, 1.3959779811557382]"
j-12402286-job-0,torch,cuda:0,trial-1-torch-cuda-0,north_europe,256,1024,660.7434552564797,"[1.6962513069156557, 1.4128376580774784, 1.549769417848438]"
j-12402286-job-0,torch,cpu,trial-2-torch-cpu,full,8,1024,33.77712455072364,"[30.412344111828133, 30.316375760827214, 30.313768835971132]"
j-12402286-job-0,torch,cpu,trial-2-torch-cpu,north_europe,8,1024,34.90248137459078,"[28.671414472861215, 29.965245082974434, 29.33888823003508]"
j-12402286-job-0,onnx,cpu,trial-2-onnx-cpu,full,8,1024,37.398608869274646,"[27.90463216905482, 27.328506266931072, 27.38069759705104]"
j-12402286-job-0,onnx,cpu,trial-2-onnx-cpu,north_europe,8,1024,37.35046048678505,"[27.334079992957413, 27.50279205595143, 27.415993983857334]"
j-12402286-job-0,torch-tta,cpu,trial-2-torch-tta-cpu,full,8,1024,10.974689425392665,"[90.90350299398415, 94.55241905595176, 93.30560167203657]"
j-12402286-job-0,torch-tta,cpu,trial-2-torch-tta-cpu,north_europe,8,1024,11.236805637224117,"[91.85084778792225, 91.12910137092695, 89.62535597500391]"
j-12402286-job-0,onnx-tta,cpu,trial-2-onnx-tta-cpu,full,8,1024,12.674192128337234,"[79.93258225917816, 80.79410424199887, 83.54928972292691]"
j-12402286-job-0,onnx-tta,cpu,trial-2-onnx-tta-cpu,north_europe,8,1024,12.318173490485412,"[81.82937749195844, 83.39652918488719, 83.12920749094337]"
j-12402286-job-0,torch,cuda:0,trial-2-torch-cuda-0,full,256,1024,602.551311029026,"[1.699440331896767, 1.7066811660770327, 1.6270493438933045]"
j-12402286-job-0,torch,cuda:0,trial-2-torch-cuda-0,north_europe,256,1024,665.9971522368938,"[1.7486076559871435, 1.345568273914978, 1.5375441119540483]"
j-12402286-job-0,onnx,cuda:0,trial-2-onnx-cuda-0,full,256,1024,534.1732952570765,"[1.9169808919541538, 1.766346275107935, 1.9942841969896108]"
j-12402286-job-0,onnx,cuda:0,trial-2-onnx-cuda-0,north_europe,256,1024,609.4847832527348,"[1.6801075730472803, 1.6768436080310494, 1.6913127771113068]"
j-12402286-job-0,torch-tta,cuda:0,trial-2-torch-tta-cuda-0,full,256,1024,212.92829863859407,"[4.809130616020411, 4.391952194040641, 5.296736722113565]"
j-12402286-job-0,torch-tta,cuda:0,trial-2-torch-tta-cuda-0,north_europe,256,1024,196.22635814432056,"[5.218463052995503, 5.365933086024597, 5.179876493057236]"
j-12402286-job-0,onnx-tta,cuda:0,trial-2-onnx-tta-cuda-0,full,256,1024,208.15033145920478,"[4.893261830089614, 4.919521351810545, 5.14984557707794]"
j-12402286-job-0,onnx-tta,cuda:0,trial-2-onnx-tta-cuda-0,north_europe,256,1024,205.2013555896214,"[4.872062952956185, 4.990220444975421, 5.018525517079979]"
