variant,preset,scope,rank,images,accuracy,precision,recall,f1,micro_accuracy,theilU,coverage
v2,north_europe,all,species,58640,0.6852063621352951,0.2742104381019442,0.6852063621352951,0.25753800338546967,0.68712482946794,0.9259639612074944,1.0
v2,north_europe,all,genus,58640,0.7890053947525617,0.3188818859364664,0.7890053947525617,0.3169285074452811,0.7922919508867667,0.9286450152404832,1.0
v2,north_europe,all,family,58640,0.8440271040813301,0.26007435892237385,0.8440271040813301,0.2691037692533918,0.9449351978171896,0.865726913911594,1.0
v2,north_europe,known,species,50598,0.706872966471589,0.27934832747314936,0.706872966471589,0.26468747200295195,0.7963358235503379,0.9284675700829689,1.0
v2,north_europe,known,genus,58639,0.7914633554838781,0.3189462554934523,0.7914633554838781,0.3174198331740771,0.7923054622350313,0.9286569914847851,1.0
v2,north_europe,known,family,58640,0.8440271040813301,0.26007435892237385,0.8440271040813301,0.2691037692533918,0.9449351978171896,0.865726913911594,1.0
v2,europe,all,species,58640,0.6604260262269301,0.220093475997043,0.6604260262269301,0.19998360830548284,0.669594133697135,0.9298644970123321,1.0
v2,europe,all,genus,58640,0.7728971632770847,0.26145460355851485,0.7728971632770847,0.25527668172822016,0.7764495225102319,0.9304037751304223,1.0
v2,europe,all,family,58640,0.8353711166095457,0.24311183116521895,0.8353711166095457,0.2512650593074731,0.9423090040927694,0.858730608498533,1.0
v2,europe,known,species,50598,0.6813090626293627,0.22455003199982063,0.6813090626293627,0.20496609487323514,0.7760188149729238,0.9324736395684865,1.0
v2,europe,known,genus,58640,0.7728971632770847,0.26145460355851485,0.7728971632770847,0.25527668172822016,0.7764495225102319,0.9304037751304223,1.0
v2,europe,known,family,58640,0.8353711166095457,0.24311183116521895,0.8353711166095457,0.2512650593074731,0.9423090040927694,0.858730608498533,1.0
v2,full,all,species,58640,0.5720627970250876,0.1100618404698789,0.5720627970250876,0.08990868448899282,0.5936050477489768,0.9424989337241723,1.0
v2,full,all,genus,58640,0.7168278641037727,0.1327201662316462,0.7168278641037727,0.12210675669894289,0.7285129604365621,0.9364867523141058,1.0
v2,full,all,family,58640,0.8069699178640561,0.19682625488877242,0.8069699178640561,0.20522430973656694,0.9265006821282401,0.8320049778627998,1.0
v2,full,known,species,50598,0.5901517392235093,0.11296990063684895,0.5901517392235093,0.09231932892005533,0.6879520929681016,0.9472050810666933,1.0
v2,full,known,genus,58640,0.7168278641037727,0.1327201662316462,0.7168278641037727,0.12210675669894289,0.7285129604365621,0.9364867523141058,1.0
v2,full,known,family,58640,0.8069699178640561,0.19682625488877242,0.8069699178640561,0.20522430973656694,0.9265006821282401,0.8320049778627998,1.0
torch,north_europe,all,species,58640,0.7124755690715492,0.2634270457338045,0.7124755690715492,0.25428952382168735,0.7078274215552524,0.928300449968092,1.0
torch,north_europe,all,genus,58640,0.8053483819748223,0.31893660877341173,0.8053483819748223,0.3204124099108478,0.7936903137789905,0.9269683891259273,1.0
torch,north_europe,all,family,58640,0.8105098078966045,0.27535126159560075,0.8105098078966045,0.2804463369346697,0.9296896316507504,0.848717056770075,1.0
torch,north_europe,known,species,50598,0.7350044408208473,0.2676065928162877,0.7350044408208473,0.2606923077861283,0.8203288667536266,0.9313351406548803,1.0
torch,north_europe,known,genus,58639,0.8078572554389183,0.31896401442542444,0.8078572554389183,0.32088253381207055,0.7937038489742322,0.9269818797430123,1.0
torch,north_europe,known,family,58640,0.8105098078966045,0.27535126159560075,0.8105098078966045,0.2804463369346697,0.9296896316507504,0.848717056770075,1.0
torch,europe,all,species,58640,0.6904573601499047,0.21308377178370788,0.6904573601499047,0.19974835307971503,0.6894270122783083,0.9327685730735747,1.0
torch,europe,all,genus,58640,0.7927569371584571,0.2577674325030351,0.7927569371584571,0.25521877922468866,0.7794167803547067,0.9303872077924281,1.0
torch,europe,all,family,58640,0.8061547662632332,0.2517251364434932,0.8061547662632332,0.2555840946637753,0.9285300136425648,0.8414042795502794,1.0
torch,europe,known,species,50598,0.7122900039491111,0.21751022464426337,0.7122900039491111,0.2052193214139764,0.7990039131981501,0.9362130669456851,1.0
torch,europe,known,genus,58640,0.7927569371584571,0.2577674325030351,0.7927569371584571,0.25521877922468866,0.7794167803547067,0.9303872077924281,1.0
torch,europe,known,family,58640,0.8061547662632332,0.2517251364434932,0.8061547662632332,0.2555840946637753,0.9285300136425648,0.8414042795502794,1.0
torch,full,all,species,58640,0.5800914186056899,0.11941327816354223,0.5800914186056899,0.09729142790239681,0.5842087312414734,0.9380984507134764,1.0
torch,full,all,genus,58640,0.7129759960732965,0.1394431837512301,0.7129759960732965,0.1268067151804599,0.7057128240109141,0.9278203586503335,1.0
torch,full,all,family,58640,0.784246040298466,0.1882961794945315,0.784246040298466,0.19361355430273816,0.9029502046384721,0.8029884477926725,1.0
torch,full,known,species,50598,0.5984342302612058,0.12352484541958572,0.5984342302612058,0.10067516090358233,0.6770623344796237,0.9436338812191157,1.0
torch,full,known,genus,58640,0.7129759960732965,0.1394431837512301,0.7129759960732965,0.1268067151804599,0.7057128240109141,0.9278203586503335,1.0
torch,full,known,family,58640,0.784246040298466,0.1882961794945315,0.784246040298466,0.19361355430273816,0.9029502046384721,0.8029884477926725,1.0
torch,north_europe_v3,all,species,58640,0.704628249754435,0.24730856379330513,0.704628249754435,0.2368364750172347,0.7031548431105048,0.9297081356830714,1.0
torch,north_europe_v3,all,genus,58640,0.8000993660812793,0.30404516864512815,0.8000993660812793,0.30405829620707303,0.7888472032742155,0.9278811825938204,1.0
torch,north_europe_v3,all,family,58640,0.8066151835359162,0.26911334290120537,0.8066151835359162,0.27317213148165537,0.9288540245566167,0.8463131556985152,1.0
torch,north_europe_v3,known,species,50598,0.7269089849245357,0.2516551965945558,0.7269089849245357,0.24302911458287843,0.8149136329499189,0.9329238752080722,1.0
torch,north_europe_v3,known,genus,58640,0.8000993660812793,0.30404516864512815,0.8000993660812793,0.30405829620707303,0.7888472032742155,0.9278811825938204,1.0
torch,north_europe_v3,known,family,58640,0.8066151835359162,0.26911334290120537,0.8066151835359162,0.27317213148165537,0.9288540245566167,0.8463131556985152,1.0
torch,europe_v3,all,species,58640,0.6886240058738285,0.21178593938637336,0.6886240058738285,0.1978902721150327,0.6879945429740791,0.9323203923796567,1.0
torch,europe_v3,all,genus,58640,0.7907596138745981,0.25597447312765065,0.7907596138745981,0.25283249885833836,0.7779331514324693,0.9297196214314329,1.0
torch,europe_v3,all,family,58640,0.804801469829159,0.25018741937505296,0.804801469829159,0.25394065720716125,0.9252899045020464,0.8382838670363196,1.0
torch,europe_v3,known,species,50598,0.7103986779963212,0.2164221653533803,0.7103986779963212,0.20351606400355202,0.7973437685284004,0.9362292436999937,1.0
torch,europe_v3,known,genus,58640,0.7907596138745981,0.25597447312765065,0.7907596138745981,0.25283249885833836,0.7779331514324693,0.9297196214314329,1.0
torch,europe_v3,known,family,58640,0.804801469829159,0.25018741937505296,0.804801469829159,0.25394065720716125,0.9252899045020464,0.8382838670363196,1.0
onnx,north_europe,all,species,58640,0.7123551106111988,0.2634302800489512,0.7123551106111988,0.25432102340018437,0.7078444747612551,0.9282787583085454,1.0
onnx,north_europe,all,genus,58640,0.805001260196705,0.3188298295664697,0.805001260196705,0.3212342539755369,0.7936221009549795,0.9270081304640697,1.0
onnx,north_europe,all,family,58640,0.8106416408810809,0.27563597431734277,0.8106416408810809,0.28076917349510716,0.9298601637107776,0.8488811049574605,1.0
onnx,north_europe,known,species,50598,0.7348801733973236,0.26759865685833206,0.7348801733973236,0.26071387372659355,0.8203486303806474,0.931297601666784,1.0
onnx,north_europe,known,genus,58639,0.8075090522845452,0.31885723521848236,0.8075090522845452,0.32170684925385246,0.7936356349869541,0.9270216229111814,1.0
onnx,north_europe,known,family,58640,0.8106416408810809,0.27563597431734277,0.8106416408810809,0.28076917349510716,0.9298601637107776,0.8488811049574605,1.0
onnx,europe,all,species,58640,0.6906260019361401,0.21297537840475272,0.6906260019361401,0.19968247097445052,0.6894952251023192,0.9327107183368355,1.0
onnx,europe,all,genus,58640,0.7928148275159873,0.25814705246049136,0.7928148275159873,0.2556792223856105,0.7794338335607094,0.9303898466600729,1.0
onnx,europe,all,family,58640,0.8063031248841592,0.25176260717979065,0.8063031248841592,0.25564879210539354,0.928581173260573,0.8413915880115065,1.0
onnx,europe,known,species,50598,0.712463978281947,0.21739674629675512,0.712463978281947,0.2051505331795797,0.7990829677062334,0.9360902428349954,1.0
onnx,europe,known,genus,58640,0.7928148275159873,0.25814705246049136,0.7928148275159873,0.2556792223856105,0.7794338335607094,0.9303898466600729,1.0
onnx,europe,known,family,58640,0.8063031248841592,0.25176260717979065,0.8063031248841592,0.25564879210539354,0.928581173260573,0.8413915880115065,1.0
onnx,full,all,species,58640,0.5803258635150937,0.11940183392320727,0.5803258635150937,0.09730444648358827,0.5842769440654844,0.9381877433883671,1.0
onnx,full,all,genus,58640,0.7132927172304062,0.139506013324115,0.7132927172304062,0.12688882216850472,0.7058321964529332,0.9279129375668055,1.0
onnx,full,all,family,58640,0.7842061134551048,0.18845606769929624,0.7842061134551048,0.1937730887900641,0.9030695770804912,0.8032163508659165,1.0
onnx,full,known,species,50598,0.5986760884483774,0.12359009712973944,0.5986760884483774,0.10075026693576739,0.677141388987707,0.9437018925013999,1.0
onnx,full,known,genus,58640,0.7132927172304062,0.139506013324115,0.7132927172304062,0.12688882216850472,0.7058321964529332,0.9279129375668055,1.0
onnx,full,known,family,58640,0.7842061134551048,0.18845606769929624,0.7842061134551048,0.1937730887900641,0.9030695770804912,0.8032163508659165,1.0
onnx,north_europe_v3,all,species,58640,0.70490721102182,0.24693597388838318,0.70490721102182,0.23654830838429805,0.703206002728513,0.9297283074523651,1.0
onnx,north_europe_v3,all,genus,58640,0.7998011634423278,0.304018206726156,0.7998011634423278,0.3048604148769131,0.7889324693042292,0.9279871144012297,1.0
onnx,north_europe_v3,all,family,58640,0.8066719936597678,0.26915209911986615,0.8066719936597678,0.2732530547620374,0.9289392905866303,0.8462225486926431,1.0
onnx,north_europe_v3,known,species,50598,0.7271967671015613,0.2512627097909782,0.7271967671015613,0.24271540486034088,0.8149729238309814,0.9329324973505538,1.0
onnx,north_europe_v3,known,genus,58640,0.7998011634423278,0.304018206726156,0.7998011634423278,0.3048604148769131,0.7889324693042292,0.9279871144012297,1.0
onnx,north_europe_v3,known,family,58640,0.8066719936597678,0.26915209911986615,0.8066719936597678,0.2732530547620374,0.9289392905866303,0.8462225486926431,1.0
onnx,europe_v3,all,species,58640,0.6887960648645841,0.21168953424574674,0.6887960648645841,0.19783273588838454,0.6880627557980901,0.9322918377735964,1.0
onnx,europe_v3,all,genus,58640,0.7908120470589387,0.2560315293300679,0.7908120470589387,0.2529767781457853,0.7779672578444747,0.9297404742905871,1.0
onnx,europe_v3,all,family,58640,0.805164255187583,0.25025960445781553,0.805164255187583,0.2540572988243291,0.9254774897680764,0.838470274037207,1.0
onnx,europe_v3,known,species,50598,0.710576177587575,0.21632075786236368,0.710576177587575,0.2034558161613722,0.7974228230364837,0.9361375391213514,1.0
onnx,europe_v3,known,genus,58640,0.7908120470589387,0.2560315293300679,0.7908120470589387,0.2529767781457853,0.7779672578444747,0.9297404742905871,1.0
onnx,europe_v3,known,family,58640,0.805164255187583,0.25025960445781553,0.805164255187583,0.2540572988243291,0.9254774897680764,0.838470274037207,1.0
torch-tta,north_europe,all,species,58640,0.7394942213066358,0.3045154257441182,0.7394942213066358,0.29354423320755,0.7318724420190996,0.9406189646961585,1.0
torch-tta,north_europe,all,genus,58640,0.8303908427754559,0.3505904633143813,0.8303908427754559,0.353208999336762,0.8158594815825375,0.9419385064155936,1.0
torch-tta,north_europe,all,family,58640,0.857176291043506,0.2854195568227899,0.857176291043506,0.2967297720520215,0.9476637107776262,0.8801009206026382,1.0
torch-tta,north_europe,known,species,50598,0.7628774377906401,0.31130376488612155,0.7628774377906401,0.30320298151377173,0.8481955808529982,0.9430153185488799,1.0
torch-tta,north_europe,known,genus,58639,0.8329777301361272,0.3506444171806519,0.8329777301361272,0.353759732820872,0.8158733948396119,0.9419514702058922,1.0
torch-tta,north_europe,known,family,58640,0.857176291043506,0.2854195568227899,0.857176291043506,0.2967297720520215,0.9476637107776262,0.8801009206026382,1.0
torch-tta,europe,all,species,58640,0.718077691416366,0.2429470820689653,0.718077691416366,0.22757154948143235,0.7156548431105048,0.944413998137816,1.0
torch-tta,europe,all,genus,58640,0.8293085814992414,0.28385324239562887,0.8293085814992414,0.28200483380977825,0.804024556616644,0.9441314851902275,1.0
torch-tta,europe,all,family,58640,0.8563266688215283,0.2653959371196337,0.8563266688215283,0.27529463404409366,0.9472032742155525,0.87467980248827,1.0
torch-tta,europe,known,species,50598,0.7407837053741958,0.24775255855583658,0.7407837053741958,0.23384828180126666,0.829400371556188,0.9470276431963978,1.0
torch-tta,europe,known,genus,58640,0.8293085814992414,0.28385324239562887,0.8293085814992414,0.28200483380977825,0.804024556616644,0.9441314851902275,1.0
torch-tta,europe,known,family,58640,0.8563266688215283,0.2653959371196337,0.8563266688215283,0.27529463404409366,0.9472032742155525,0.87467980248827,1.0
torch-tta,full,all,species,58640,0.6173142553970794,0.13138339990786518,0.6173142553970794,0.11096250944892755,0.6262619372442019,0.9508870287194768,1.0
torch-tta,full,all,genus,58640,0.7510468819168783,0.15667958535770124,0.7510468819168783,0.14574565079611349,0.7451739427012278,0.9443425774705536,1.0
torch-tta,full,all,family,58640,0.8145939456784087,0.21261476235886365,0.8145939456784087,0.2183082373459294,0.9275068212824011,0.8448686499703433,1.0
torch-tta,full,known,species,50598,0.6368340737495563,0.13564757725358406,0.6368340737495563,0.11490466732444428,0.7257994387129926,0.9551144723608224,1.0
torch-tta,full,known,genus,58640,0.7510468819168783,0.15667958535770124,0.7510468819168783,0.14574565079611349,0.7451739427012278,0.9443425774705536,1.0
torch-tta,full,known,family,58640,0.8145939456784087,0.21261476235886365,0.8145939456784087,0.2183082373459294,0.9275068212824011,0.8448686499703433,1.0
torch-tta,north_europe_v3,all,species,58640,0.7309514872176466,0.2836262314662556,0.7309514872176466,0.2712624922442485,0.727575034106412,0.9419128470540503,1.0
torch-tta,north_europe_v3,all,genus,58640,0.8277669590594472,0.3334921424445981,0.8277669590594472,0.3337289068163522,0.8116132332878582,0.9427305687063423,1.0
torch-tta,north_europe_v3,all,family,58640,0.8346576161414683,0.27245649076352374,0.8346576161414683,0.27776074959879515,0.9469304229195089,0.8781254078254616,1.0
torch-tta,north_europe_v3,known,species,50598,0.7540645777225524,0.28991904052186485,0.7540645777225524,0.2798828148296063,0.8432151468437488,0.9444028505698309,1.0
torch-tta,north_europe_v3,known,genus,58640,0.8277669590594472,0.3334921424445981,0.8277669590594472,0.3337289068163522,0.8116132332878582,0.9427305687063423,1.0
torch-tta,north_europe_v3,known,family,58640,0.8346576161414683,0.27245649076352374,0.8346576161414683,0.27776074959879515,0.9469304229195089,0.8781254078254616,1.0
torch-tta,europe_v3,all,species,58640,0.7166090539144668,0.24106168297359762,0.7166090539144668,0.2253220208562535,0.7144270122783083,0.944113343442953,1.0
torch-tta,europe_v3,all,genus,58640,0.8268147188498062,0.2834023411805787,0.8268147188498062,0.2803332160378765,0.8029331514324693,0.9437905591277826,1.0
torch-tta,europe_v3,all,family,58640,0.8335264497898153,0.2678618299824677,0.8335264497898153,0.2729237571963636,0.9449693042291951,0.8721280753438848,1.0
torch-tta,europe_v3,known,species,50598,0.7392686287418017,0.24579080574948112,0.7392686287418017,0.23148434630648257,0.8279773904106882,0.9469432695851171,1.0
torch-tta,europe_v3,known,genus,58640,0.8268147188498062,0.2834023411805787,0.8268147188498062,0.2803332160378765,0.8029331514324693,0.9437905591277826,1.0
torch-tta,europe_v3,known,family,58640,0.8335264497898153,0.2678618299824677,0.8335264497898153,0.2729237571963636,0.9449693042291951,0.8721280753438848,1.0
onnx-tta,north_europe,all,species,58640,0.7398002960321982,0.30560509035336597,0.7398002960321982,0.29443636070255313,0.7319406548431105,0.9406019271139017,1.0
onnx-tta,north_europe,all,genus,58640,0.8304111700220072,0.35093141039439896,0.8304111700220072,0.35360877971608107,0.8158594815825375,0.9419354628293558,1.0
onnx-tta,north_europe,all,family,58640,0.8573137738657032,0.2853888893805401,0.8573137738657032,0.2967466662087087,0.9476978171896316,0.8801548412074369,1.0
onnx-tta,north_europe,known,species,50598,0.7631931907683942,0.31216254534687643,0.7631931907683942,0.30388844140667753,0.8482746353610815,0.9430067345925155,1.0
onnx-tta,north_europe,known,genus,58639,0.832998120707434,0.3509854434880796,0.832998120707434,0.35416090691553337,0.8158733948396119,0.9419484264795018,1.0
onnx-tta,north_europe,known,family,58640,0.8573137738657032,0.2853888893805401,0.8573137738657032,0.2967466662087087,0.9476978171896316,0.8801548412074369,1.0
onnx-tta,europe,all,species,58640,0.7184729389376375,0.24372650581041436,0.7184729389376375,0.22830834852570925,0.715637789904502,0.9443265822955385,1.0
onnx-tta,europe,all,genus,58640,0.8297204053618472,0.2845980888173239,0.8297204053618472,0.28278130491705644,0.8039733969986358,0.9441410149358417,1.0
onnx-tta,europe,all,family,58640,0.8563774763022645,0.26558303107014986,0.8563774763022645,0.27545873472892135,0.9473226466575716,0.8748020450770366,1.0
onnx-tta,europe,known,species,50598,0.741191450840804,0.24838776385935504,0.741191450840804,0.23446467584989356,0.8293806079291671,0.9469465408012699,1.0
onnx-tta,europe,known,genus,58640,0.8297204053618472,0.2845980888173239,0.8297204053618472,0.28278130491705644,0.8039733969986358,0.9441410149358417,1.0
onnx-tta,europe,known,family,58640,0.8563774763022645,0.26558303107014986,0.8563774763022645,0.27545873472892135,0.9473226466575716,0.8748020450770366,1.0
onnx-tta,full,all,species,58640,0.6174475873691395,0.13160765012851372,0.6174475873691395,0.11115707584052233,0.6261425648021828,0.9508514561757678,1.0
onnx-tta,full,all,genus,58640,0.7510220833093467,0.15697625283734776,0.7510220833093467,0.14605018175665105,0.7451568894952251,0.9443370637895987,1.0
onnx-tta,full,all,family,58640,0.8145187008621275,0.2126777336514247,0.8145187008621275,0.21830567803410023,0.9275238744884038,0.8446531494151259,1.0
onnx-tta,full,known,species,50598,0.6369716217523534,0.13589123854540153,0.6369716217523534,0.11511288629482906,0.7256610933238468,0.9550252355096324,1.0
onnx-tta,full,known,genus,58640,0.7510220833093467,0.15697625283734776,0.7510220833093467,0.14605018175665105,0.7451568894952251,0.9443370637895987,1.0
onnx-tta,full,known,family,58640,0.8145187008621275,0.2126777336514247,0.8145187008621275,0.21830567803410023,0.9275238744884038,0.8446531494151259,1.0
onnx-tta,north_europe_v3,all,species,58640,0.731249034719374,0.28460861709588325,0.731249034719374,0.2720585446067734,0.7276261937244202,0.9418634558142434,1.0
onnx-tta,north_europe_v3,all,genus,58640,0.8277501260203206,0.3338821217092504,0.8277501260203206,0.334119400397056,0.8115961800818554,0.94272656175805,1.0
onnx-tta,north_europe_v3,all,family,58640,0.8346677390702247,0.27237041484255897,0.8346677390702247,0.27775524799008994,0.9469815825375171,0.8782213541986774,1.0
onnx-tta,north_europe_v3,known,species,50598,0.7543715338409351,0.29070206429216244,0.7543715338409351,0.2805010841484588,0.8432744377248113,0.9443618486684395,1.0
onnx-tta,north_europe_v3,known,genus,58640,0.8277501260203206,0.3338821217092504,0.8277501260203206,0.334119400397056,0.8115961800818554,0.94272656175805,1.0
onnx-tta,north_europe_v3,known,family,58640,0.8346677390702247,0.27237041484255897,0.8346677390702247,0.27775524799008994,0.9469815825375171,0.8782213541986774,1.0
onnx-tta,europe_v3,all,species,58640,0.7170052282421303,0.2418596950431791,0.7170052282421303,0.22605849020602678,0.7144270122783083,0.9440413851876268,1.0
onnx-tta,europe_v3,all,genus,58640,0.827226542712412,0.2835769897348559,0.827226542712412,0.2809063608793024,0.8028819918144611,0.9437976224349767,1.0
onnx-tta,europe_v3,all,family,58640,0.833675211353022,0.2679310249615683,0.833675211353022,0.2730381805189929,0.9451909959072305,0.8724817175710519,1.0
onnx-tta,europe_v3,known,species,50598,0.7396773303209329,0.24644726654619223,0.7396773303209329,0.23210275866823382,0.8279773904106882,0.9468751626112113,1.0
onnx-tta,europe_v3,known,genus,58640,0.827226542712412,0.2835769897348559,0.827226542712412,0.2809063608793024,0.8028819918144611,0.9437976224349767,1.0
onnx-tta,europe_v3,known,family,58640,0.833675211353022,0.2679310249615683,0.833675211353022,0.2730381805189929,0.9451909959072305,0.8724817175710519,1.0
