model,scope,threshold,family_id,family,truth_images,accepted_predictions,precision,precision_weight,recall,recall_weight,f1,f1_weight
v2,zero,0,3528,Incurvariidae,0,3,0.0,1.0,,0,0.0,1.0
v2,zero,0,3530,Lasiocampidae,728,636,0.9465408805031447,1.0,0.8269230769230769,1.0,0.8826979472140762,1.0
v2,zero,0,3552,Ethmiidae,48,58,0.6896551724137931,1.0,0.8333333333333334,1.0,0.7547169811320755,1.0
v2,zero,0,3553,Gelechiidae,2,119,0.0,1.0,0.0,1.0,0.0,1.0
v2,zero,0,3554,Glyphipterigidae,0,4,0.0,1.0,,0,0.0,1.0
v2,zero,0,3556,Hepialidae,14,23,0.6086956521739131,1.0,1.0,1.0,0.7567567567567568,1.0
v2,zero,0,3563,Endromidae,0,3,0.0,1.0,,0,0.0,1.0
v2,zero,0,4300664,Autostichidae,0,4,0.0,1.0,,0,0.0,1.0
v2,zero,0,4300668,Peleopodidae,24,25,0.88,1.0,0.9166666666666666,1.0,0.8979591836734693,1.0
v2,zero,0,4525436,Praydidae,0,5,0.0,1.0,,0,0.0,1.0
v2,zero,0,4525465,Argyresthiidae,0,7,0.0,1.0,,0,0.0,1.0
v2,zero,0,4527533,Stathmopodidae,2,4,0.5,1.0,1.0,1.0,0.6666666666666666,1.0
v2,zero,0,4528997,Lypusidae,0,2,0.0,1.0,,0,0.0,1.0
v2,zero,0,4532185,Erebidae,15241,14845,0.9810710676995621,1.0,0.9555803424972115,1.0,0.9681579472179751,1.0
v2,zero,0,4538,Adelidae,0,5,0.0,1.0,,0,0.0,1.0
v2,zero,0,4542,Alucitidae,1,16,0.0625,1.0,1.0,1.0,0.11764705882352941,1.0
v2,zero,0,4554,Batrachedridae,0,5,0.0,1.0,,0,0.0,1.0
v2,zero,0,4705755,Depressariidae,0,32,0.0,1.0,,0,0.0,1.0
v2,zero,0,4864,Bedelliidae,0,7,0.0,1.0,,0,0.0,1.0
v2,zero,0,4865,Blastobasidae,0,10,0.0,1.0,,0,0.0,1.0
v2,zero,0,4867,Bucculatricidae,0,2,0.0,1.0,,0,0.0,1.0
v2,zero,0,4870,Choreutidae,0,1,0.0,1.0,,0,0.0,1.0
v2,zero,0,5336,Pyralidae,365,590,0.5779661016949152,1.0,0.9342465753424658,1.0,0.7141361256544502,1.0
v2,zero,0,5338,Roeslerstammiidae,0,1,0.0,1.0,,0,0.0,1.0
v2,zero,0,5340,Sesiidae,0,1,0.0,1.0,,0,0.0,1.0
v2,zero,0,5343,Tortricidae,632,887,0.6617812852311161,1.0,0.9287974683544303,1.0,0.7728768926925609,1.0
v2,zero,0,5345,Ypsolophidae,46,55,0.6909090909090909,1.0,0.8260869565217391,1.0,0.7524752475247525,1.0
v2,zero,0,5473,Lycaenidae,0,1,0.0,1.0,,0,0.0,1.0
v2,zero,0,5474,Limacodidae,475,345,0.991304347826087,1.0,0.72,1.0,0.8341463414634147,1.0
v2,zero,0,5481,Pieridae,0,9,0.0,1.0,,0,0.0,1.0
v2,zero,0,5487,Gracillariidae,0,16,0.0,1.0,,0,0.0,1.0
v2,zero,0,6166,Opostegidae,0,15,0.0,1.0,,0,0.0,1.0
v2,zero,0,6946,Eriocraniidae,0,1,0.0,1.0,,0,0.0,1.0
v2,zero,0,6950,Geometridae,15047,14892,0.9837496642492614,1.0,0.9736160031900046,1.0,0.9786566017569057,1.0
v2,zero,0,6953,Hesperiidae,0,4,0.0,1.0,,0,0.0,1.0
v2,zero,0,6954,Epermeniidae,0,1,0.0,1.0,,0,0.0,1.0
v2,zero,0,7014,Nepticulidae,0,22,0.0,1.0,,0,0.0,1.0
v2,zero,0,7015,Noctuidae,9243,9278,0.9372709635697348,1.0,0.9408200800605864,1.0,0.9390421683494412,1.0
v2,zero,0,7016,Notodontidae,3321,3382,0.9278533412182141,1.0,0.9448961156278229,1.0,0.9362971803669999,1.0
v2,zero,0,7017,Nymphalidae,0,23,0.0,1.0,,0,0.0,1.0
v2,zero,0,7294,Drepanidae,1604,1447,0.972356599861783,1.0,0.8771820448877805,1.0,0.9223205506391349,1.0
v2,zero,0,7297,Elachistidae,0,24,0.0,1.0,,0,0.0,1.0
v2,zero,0,8838,Coleophoridae,0,1,0.0,1.0,,0,0.0,1.0
v2,zero,0,8839,Cosmopterigidae,0,4,0.0,1.0,,0,0.0,1.0
v2,zero,0,8840,Cossidae,0,19,0.0,1.0,,0,0.0,1.0
v2,zero,0,8841,Crambidae,4542,4339,0.9504494123069832,1.0,0.9079700572435051,1.0,0.9287242427654544,1.0
v2,zero,0,8855,Momphidae,0,2,0.0,1.0,,0,0.0,1.0
v2,zero,0,8860,Plutellidae,14,45,0.24444444444444444,1.0,0.7857142857142857,1.0,0.3728813559322034,1.0
v2,zero,0,8861,Psychidae,0,22,0.0,1.0,,0,0.0,1.0
v2,zero,0,8863,Pterophoridae,79,74,0.9459459459459459,1.0,0.8860759493670886,1.0,0.915032679738562,1.0
v2,zero,0,8864,Saturniidae,0,3,0.0,1.0,,0,0.0,1.0
v2,zero,0,8865,Schreckensteiniidae,0,5,0.0,1.0,,0,0.0,1.0
v2,zero,0,8866,Scythrididae,0,3,0.0,1.0,,0,0.0,1.0
v2,zero,0,8868,Sphingidae,1124,1090,0.9697247706422019,1.0,0.9403914590747331,1.0,0.95483288166215,1.0
v2,zero,0,8870,Thyrididae,0,4,0.0,1.0,,0,0.0,1.0
v2,zero,0,8871,Tischeriidae,0,3,0.0,1.0,,0,0.0,1.0
v2,zero,0,8874,Yponomeutidae,13,14,0.6428571428571429,1.0,0.6923076923076923,1.0,0.6666666666666666,1.0
v2,zero,0,9408,Micropterigidae,0,2,0.0,1.0,,0,0.0,1.0
v2,zero,0,9410,Lyonetiidae,0,12,0.0,1.0,,0,0.0,1.0
v2,zero,0,9412,Tineidae,0,114,0.0,1.0,,0,0.0,1.0
v2,zero,0,9417,Papilionidae,0,2,0.0,1.0,,0,0.0,1.0
v2,zero,0,9541689,Meessiidae,0,4,0.0,1.0,,0,0.0,1.0
v2,zero,0,9689,Oecophoridae,32,32,0.59375,1.0,0.59375,1.0,0.59375,1.0
v2,zero,0,9717,Nolidae,191,184,0.9510869565217391,1.0,0.9162303664921466,1.0,0.9333333333333333,1.0
v2,optimized,0.9553309082984924,3528,Incurvariidae,0,0,1.0,0.0,,0,1.0,0.0
v2,optimized,0.9553309082984924,3530,Lasiocampidae,728,458,0.9978165938864629,1.0,0.6277472527472527,1.0,0.7706576728499157,1.0
v2,optimized,0.9553309082984924,3552,Ethmiidae,48,28,1.0,1.0,0.5833333333333334,1.0,0.7368421052631579,1.0
v2,optimized,0.9553309082984924,3553,Gelechiidae,2,0,1.0,0.0,0.0,1.0,0.0,1.0
v2,optimized,0.9553309082984924,3554,Glyphipterigidae,0,0,1.0,0.0,,0,1.0,0.0
v2,optimized,0.9553309082984924,3556,Hepialidae,14,13,1.0,1.0,0.9285714285714286,1.0,0.9629629629629631,1.0
v2,optimized,0.9553309082984924,3563,Endromidae,0,0,1.0,0.0,,0,1.0,0.0
v2,optimized,0.9553309082984924,4300664,Autostichidae,0,0,1.0,0.0,,0,1.0,0.0
v2,optimized,0.9553309082984924,4300668,Peleopodidae,24,19,0.9473684210526315,1.0,0.75,1.0,0.8372093023255814,1.0
v2,optimized,0.9553309082984924,4525436,Praydidae,0,0,1.0,0.0,,0,1.0,0.0
v2,optimized,0.9553309082984924,4525465,Argyresthiidae,0,0,1.0,0.0,,0,1.0,0.0
v2,optimized,0.9553309082984924,4527533,Stathmopodidae,2,1,1.0,1.0,0.5,1.0,0.6666666666666666,1.0
v2,optimized,0.9553309082984924,4528997,Lypusidae,0,0,1.0,0.0,,0,1.0,0.0
v2,optimized,0.9553309082984924,4532185,Erebidae,15241,12512,0.9989609974424553,1.0,0.8200905452398136,1.0,0.9007314524555905,1.0
v2,optimized,0.9553309082984924,4538,Adelidae,0,0,1.0,0.0,,0,1.0,0.0
v2,optimized,0.9553309082984924,4542,Alucitidae,1,2,0.5,1.0,1.0,1.0,0.6666666666666666,1.0
v2,optimized,0.9553309082984924,4554,Batrachedridae,0,0,1.0,0.0,,0,1.0,0.0
v2,optimized,0.9553309082984924,4705755,Depressariidae,0,0,1.0,0.0,,0,1.0,0.0
v2,optimized,0.9553309082984924,4864,Bedelliidae,0,0,1.0,0.0,,0,1.0,0.0
v2,optimized,0.9553309082984924,4865,Blastobasidae,0,0,1.0,0.0,,0,1.0,0.0
v2,optimized,0.9553309082984924,4867,Bucculatricidae,0,0,1.0,0.0,,0,1.0,0.0
v2,optimized,0.9553309082984924,4870,Choreutidae,0,0,1.0,0.0,,0,1.0,0.0
v2,optimized,0.9553309082984924,5336,Pyralidae,365,278,0.9820143884892086,1.0,0.7479452054794521,1.0,0.8491446345256611,1.0
v2,optimized,0.9553309082984924,5338,Roeslerstammiidae,0,0,1.0,0.0,,0,1.0,0.0
v2,optimized,0.9553309082984924,5340,Sesiidae,0,0,1.0,0.0,,0,1.0,0.0
v2,optimized,0.9553309082984924,5343,Tortricidae,632,399,0.9949874686716792,1.0,0.6281645569620253,1.0,0.7701260911736179,1.0
v2,optimized,0.9553309082984924,5345,Ypsolophidae,46,22,1.0,1.0,0.4782608695652174,1.0,0.6470588235294118,1.0
v2,optimized,0.9553309082984924,5473,Lycaenidae,0,0,1.0,0.0,,0,1.0,0.0
v2,optimized,0.9553309082984924,5474,Limacodidae,475,218,1.0,1.0,0.4589473684210526,1.0,0.6291486291486291,1.0
v2,optimized,0.9553309082984924,5481,Pieridae,0,2,0.0,1.0,,0,0.0,1.0
v2,optimized,0.9553309082984924,5487,Gracillariidae,0,0,1.0,0.0,,0,1.0,0.0
v2,optimized,0.9553309082984924,6166,Opostegidae,0,0,1.0,0.0,,0,1.0,0.0
v2,optimized,0.9553309082984924,6946,Eriocraniidae,0,0,1.0,0.0,,0,1.0,0.0
v2,optimized,0.9553309082984924,6950,Geometridae,15047,12194,0.9995079547318353,1.0,0.8099953479098824,1.0,0.894827649498917,1.0
v2,optimized,0.9553309082984924,6953,Hesperiidae,0,0,1.0,0.0,,0,1.0,0.0
v2,optimized,0.9553309082984924,6954,Epermeniidae,0,0,1.0,0.0,,0,1.0,0.0
v2,optimized,0.9553309082984924,7014,Nepticulidae,0,0,1.0,0.0,,0,1.0,0.0
v2,optimized,0.9553309082984924,7015,Noctuidae,9243,6765,0.9983739837398374,1.0,0.730715135778427,1.0,0.8438280859570216,1.0
v2,optimized,0.9553309082984924,7016,Notodontidae,3321,2804,0.9985734664764622,1.0,0.8431195423065342,1.0,0.9142857142857143,1.0
v2,optimized,0.9553309082984924,7017,Nymphalidae,0,0,1.0,0.0,,0,1.0,0.0
v2,optimized,0.9553309082984924,7294,Drepanidae,1604,1103,1.0,1.0,0.6876558603491272,1.0,0.814924270410048,1.0
v2,optimized,0.9553309082984924,7297,Elachistidae,0,0,1.0,0.0,,0,1.0,0.0
v2,optimized,0.9553309082984924,8838,Coleophoridae,0,0,1.0,0.0,,0,1.0,0.0
v2,optimized,0.9553309082984924,8839,Cosmopterigidae,0,0,1.0,0.0,,0,1.0,0.0
v2,optimized,0.9553309082984924,8840,Cossidae,0,0,1.0,0.0,,0,1.0,0.0
v2,optimized,0.9553309082984924,8841,Crambidae,4542,2900,0.9979310344827587,1.0,0.6371642448260678,1.0,0.777747917226552,1.0
v2,optimized,0.9553309082984924,8855,Momphidae,0,0,1.0,0.0,,0,1.0,0.0
v2,optimized,0.9553309082984924,8860,Plutellidae,14,11,0.8181818181818182,1.0,0.6428571428571429,1.0,0.72,1.0
v2,optimized,0.9553309082984924,8861,Psychidae,0,0,1.0,0.0,,0,1.0,0.0
v2,optimized,0.9553309082984924,8863,Pterophoridae,79,48,1.0,1.0,0.6075949367088608,1.0,0.7559055118110237,1.0
v2,optimized,0.9553309082984924,8864,Saturniidae,0,0,1.0,0.0,,0,1.0,0.0
v2,optimized,0.9553309082984924,8865,Schreckensteiniidae,0,0,1.0,0.0,,0,1.0,0.0
v2,optimized,0.9553309082984924,8866,Scythrididae,0,0,1.0,0.0,,0,1.0,0.0
v2,optimized,0.9553309082984924,8868,Sphingidae,1124,926,1.0,1.0,0.8238434163701067,1.0,0.9034146341463414,1.0
v2,optimized,0.9553309082984924,8870,Thyrididae,0,1,0.0,1.0,,0,0.0,1.0
v2,optimized,0.9553309082984924,8871,Tischeriidae,0,0,1.0,0.0,,0,1.0,0.0
v2,optimized,0.9553309082984924,8874,Yponomeutidae,13,5,0.8,1.0,0.3076923076923077,1.0,0.4444444444444444,1.0
v2,optimized,0.9553309082984924,9408,Micropterigidae,0,0,1.0,0.0,,0,1.0,0.0
v2,optimized,0.9553309082984924,9410,Lyonetiidae,0,0,1.0,0.0,,0,1.0,0.0
v2,optimized,0.9553309082984924,9412,Tineidae,0,1,0.0,1.0,,0,0.0,1.0
v2,optimized,0.9553309082984924,9417,Papilionidae,0,0,1.0,0.0,,0,1.0,0.0
v2,optimized,0.9553309082984924,9541689,Meessiidae,0,0,1.0,0.0,,0,1.0,0.0
v2,optimized,0.9553309082984924,9689,Oecophoridae,32,14,1.0,1.0,0.4375,1.0,0.6086956521739131,1.0
v2,optimized,0.9553309082984924,9717,Nolidae,191,157,1.0,1.0,0.8219895287958116,1.0,0.9022988505747127,1.0
v2,common_0.96,0.96,3528,Incurvariidae,0,0,1.0,0.0,,0,1.0,0.0
v2,common_0.96,0.96,3530,Lasiocampidae,728,450,0.9977777777777778,1.0,0.6167582417582418,1.0,0.7623089983022072,1.0
v2,common_0.96,0.96,3552,Ethmiidae,48,28,1.0,1.0,0.5833333333333334,1.0,0.7368421052631579,1.0
v2,common_0.96,0.96,3553,Gelechiidae,2,0,1.0,0.0,0.0,1.0,0.0,1.0
v2,common_0.96,0.96,3554,Glyphipterigidae,0,0,1.0,0.0,,0,1.0,0.0
v2,common_0.96,0.96,3556,Hepialidae,14,13,1.0,1.0,0.9285714285714286,1.0,0.9629629629629631,1.0
v2,common_0.96,0.96,3563,Endromidae,0,0,1.0,0.0,,0,1.0,0.0
v2,common_0.96,0.96,4300664,Autostichidae,0,0,1.0,0.0,,0,1.0,0.0
v2,common_0.96,0.96,4300668,Peleopodidae,24,18,0.9444444444444444,1.0,0.7083333333333334,1.0,0.8095238095238095,1.0
v2,common_0.96,0.96,4525436,Praydidae,0,0,1.0,0.0,,0,1.0,0.0
v2,common_0.96,0.96,4525465,Argyresthiidae,0,0,1.0,0.0,,0,1.0,0.0
v2,common_0.96,0.96,4527533,Stathmopodidae,2,1,1.0,1.0,0.5,1.0,0.6666666666666666,1.0
v2,common_0.96,0.96,4528997,Lypusidae,0,0,1.0,0.0,,0,1.0,0.0
v2,common_0.96,0.96,4532185,Erebidae,15241,12417,0.9990335829910606,1.0,0.8139229709336657,1.0,0.8970279846698965,1.0
v2,common_0.96,0.96,4538,Adelidae,0,0,1.0,0.0,,0,1.0,0.0
v2,common_0.96,0.96,4542,Alucitidae,1,2,0.5,1.0,1.0,1.0,0.6666666666666666,1.0
v2,common_0.96,0.96,4554,Batrachedridae,0,0,1.0,0.0,,0,1.0,0.0
v2,common_0.96,0.96,4705755,Depressariidae,0,0,1.0,0.0,,0,1.0,0.0
v2,common_0.96,0.96,4864,Bedelliidae,0,0,1.0,0.0,,0,1.0,0.0
v2,common_0.96,0.96,4865,Blastobasidae,0,0,1.0,0.0,,0,1.0,0.0
v2,common_0.96,0.96,4867,Bucculatricidae,0,0,1.0,0.0,,0,1.0,0.0
v2,common_0.96,0.96,4870,Choreutidae,0,0,1.0,0.0,,0,1.0,0.0
v2,common_0.96,0.96,5336,Pyralidae,365,269,0.9814126394052045,1.0,0.7232876712328767,1.0,0.832807570977918,1.0
v2,common_0.96,0.96,5338,Roeslerstammiidae,0,0,1.0,0.0,,0,1.0,0.0
v2,common_0.96,0.96,5340,Sesiidae,0,0,1.0,0.0,,0,1.0,0.0
v2,common_0.96,0.96,5343,Tortricidae,632,391,0.9948849104859335,1.0,0.615506329113924,1.0,0.7605083088954057,1.0
v2,common_0.96,0.96,5345,Ypsolophidae,46,21,1.0,1.0,0.45652173913043476,1.0,0.626865671641791,1.0
v2,common_0.96,0.96,5473,Lycaenidae,0,0,1.0,0.0,,0,1.0,0.0
v2,common_0.96,0.96,5474,Limacodidae,475,214,1.0,1.0,0.45052631578947366,1.0,0.6211901306240929,1.0
v2,common_0.96,0.96,5481,Pieridae,0,2,0.0,1.0,,0,0.0,1.0
v2,common_0.96,0.96,5487,Gracillariidae,0,0,1.0,0.0,,0,1.0,0.0
v2,common_0.96,0.96,6166,Opostegidae,0,0,1.0,0.0,,0,1.0,0.0
v2,common_0.96,0.96,6946,Eriocraniidae,0,0,1.0,0.0,,0,1.0,0.0
v2,common_0.96,0.96,6950,Geometridae,15047,12079,0.9995032701382565,1.0,0.8023526284309165,1.0,0.890142298901423,1.0
v2,common_0.96,0.96,6953,Hesperiidae,0,0,1.0,0.0,,0,1.0,0.0
v2,common_0.96,0.96,6954,Epermeniidae,0,0,1.0,0.0,,0,1.0,0.0
v2,common_0.96,0.96,7014,Nepticulidae,0,0,1.0,0.0,,0,1.0,0.0
v2,common_0.96,0.96,7015,Noctuidae,9243,6683,0.9985036660182552,1.0,0.721951747268203,1.0,0.8380007534848675,1.0
v2,common_0.96,0.96,7016,Notodontidae,3321,2789,0.9985657941914665,1.0,0.8386028304727492,1.0,0.9116202945990179,1.0
v2,common_0.96,0.96,7017,Nymphalidae,0,0,1.0,0.0,,0,1.0,0.0
v2,common_0.96,0.96,7294,Drepanidae,1604,1089,1.0,1.0,0.678927680798005,1.0,0.8087634608243596,1.0
v2,common_0.96,0.96,7297,Elachistidae,0,0,1.0,0.0,,0,1.0,0.0
v2,common_0.96,0.96,8838,Coleophoridae,0,0,1.0,0.0,,0,1.0,0.0
v2,common_0.96,0.96,8839,Cosmopterigidae,0,0,1.0,0.0,,0,1.0,0.0
v2,common_0.96,0.96,8840,Cossidae,0,0,1.0,0.0,,0,1.0,0.0
v2,common_0.96,0.96,8841,Crambidae,4542,2861,0.9979028311779098,1.0,0.6285777190664905,1.0,0.7713089288126435,1.0
v2,common_0.96,0.96,8855,Momphidae,0,0,1.0,0.0,,0,1.0,0.0
v2,common_0.96,0.96,8860,Plutellidae,14,11,0.8181818181818182,1.0,0.6428571428571429,1.0,0.72,1.0
v2,common_0.96,0.96,8861,Psychidae,0,0,1.0,0.0,,0,1.0,0.0
v2,common_0.96,0.96,8863,Pterophoridae,79,48,1.0,1.0,0.6075949367088608,1.0,0.7559055118110237,1.0
v2,common_0.96,0.96,8864,Saturniidae,0,0,1.0,0.0,,0,1.0,0.0
v2,common_0.96,0.96,8865,Schreckensteiniidae,0,0,1.0,0.0,,0,1.0,0.0
v2,common_0.96,0.96,8866,Scythrididae,0,0,1.0,0.0,,0,1.0,0.0
v2,common_0.96,0.96,8868,Sphingidae,1124,921,1.0,1.0,0.8193950177935944,1.0,0.9007334963325184,1.0
v2,common_0.96,0.96,8870,Thyrididae,0,1,0.0,1.0,,0,0.0,1.0
v2,common_0.96,0.96,8871,Tischeriidae,0,0,1.0,0.0,,0,1.0,0.0
v2,common_0.96,0.96,8874,Yponomeutidae,13,5,0.8,1.0,0.3076923076923077,1.0,0.4444444444444444,1.0
v2,common_0.96,0.96,9408,Micropterigidae,0,0,1.0,0.0,,0,1.0,0.0
v2,common_0.96,0.96,9410,Lyonetiidae,0,0,1.0,0.0,,0,1.0,0.0
v2,common_0.96,0.96,9412,Tineidae,0,1,0.0,1.0,,0,0.0,1.0
v2,common_0.96,0.96,9417,Papilionidae,0,0,1.0,0.0,,0,1.0,0.0
v2,common_0.96,0.96,9541689,Meessiidae,0,0,1.0,0.0,,0,1.0,0.0
v2,common_0.96,0.96,9689,Oecophoridae,32,14,1.0,1.0,0.4375,1.0,0.6086956521739131,1.0
v2,common_0.96,0.96,9717,Nolidae,191,156,1.0,1.0,0.8167539267015707,1.0,0.899135446685879,1.0
torch,zero,0,3528,Incurvariidae,0,6,0.0,1.0,,0,0.0,1.0
torch,zero,0,3530,Lasiocampidae,728,614,0.9413680781758957,1.0,0.7939560439560439,1.0,0.8614008941877793,1.0
torch,zero,0,3552,Ethmiidae,48,49,0.8571428571428571,1.0,0.875,1.0,0.865979381443299,1.0
torch,zero,0,3553,Gelechiidae,2,137,0.0,1.0,0.0,1.0,0.0,1.0
torch,zero,0,3554,Glyphipterigidae,0,6,0.0,1.0,,0,0.0,1.0
torch,zero,0,3556,Hepialidae,14,42,0.30952380952380953,1.0,0.9285714285714286,1.0,0.4642857142857143,1.0
torch,zero,0,3563,Endromidae,0,1,0.0,1.0,,0,0.0,1.0
torch,zero,0,4300664,Autostichidae,0,11,0.0,1.0,,0,0.0,1.0
torch,zero,0,4300668,Peleopodidae,24,27,0.7407407407407407,1.0,0.8333333333333334,1.0,0.7843137254901962,1.0
torch,zero,0,4525436,Praydidae,0,2,0.0,1.0,,0,0.0,1.0
torch,zero,0,4525465,Argyresthiidae,0,1,0.0,1.0,,0,0.0,1.0
torch,zero,0,4527533,Stathmopodidae,2,1,1.0,1.0,0.5,1.0,0.6666666666666666,1.0
torch,zero,0,4528997,Lypusidae,0,7,0.0,1.0,,0,0.0,1.0
torch,zero,0,4532185,Erebidae,15241,14478,0.983008702859511,1.0,0.9337969949478381,1.0,0.9577711228507017,1.0
torch,zero,0,4538,Adelidae,0,22,0.0,1.0,,0,0.0,1.0
torch,zero,0,4542,Alucitidae,1,3,0.3333333333333333,1.0,1.0,1.0,0.5,1.0
torch,zero,0,4554,Batrachedridae,0,4,0.0,1.0,,0,0.0,1.0
torch,zero,0,4705755,Depressariidae,0,51,0.0,1.0,,0,0.0,1.0
torch,zero,0,4864,Bedelliidae,0,132,0.0,1.0,,0,0.0,1.0
torch,zero,0,4865,Blastobasidae,0,20,0.0,1.0,,0,0.0,1.0
torch,zero,0,4867,Bucculatricidae,0,1,0.0,1.0,,0,0.0,1.0
torch,zero,0,4870,Choreutidae,0,15,0.0,1.0,,0,0.0,1.0
torch,zero,0,5320,Douglasiidae,0,1,0.0,1.0,,0,0.0,1.0
torch,zero,0,5336,Pyralidae,365,560,0.6,1.0,0.9205479452054794,1.0,0.7264864864864864,1.0
torch,zero,0,5340,Sesiidae,0,5,0.0,1.0,,0,0.0,1.0
torch,zero,0,5343,Tortricidae,632,1311,0.463768115942029,1.0,0.9620253164556962,1.0,0.6258363355635614,1.0
torch,zero,0,5345,Ypsolophidae,46,49,0.8571428571428571,1.0,0.9130434782608695,1.0,0.8842105263157894,1.0
torch,zero,0,5474,Limacodidae,475,383,0.9608355091383812,1.0,0.7747368421052632,1.0,0.8578088578088578,1.0
torch,zero,0,5481,Pieridae,0,5,0.0,1.0,,0,0.0,1.0
torch,zero,0,5487,Gracillariidae,0,23,0.0,1.0,,0,0.0,1.0
torch,zero,0,6166,Opostegidae,0,30,0.0,1.0,,0,0.0,1.0
torch,zero,0,6946,Eriocraniidae,0,1,0.0,1.0,,0,0.0,1.0
torch,zero,0,6950,Geometridae,15047,14847,0.9781774095776925,1.0,0.9651757825480162,1.0,0.971633103632836,1.0
torch,zero,0,6954,Epermeniidae,0,2,0.0,1.0,,0,0.0,1.0
torch,zero,0,7014,Nepticulidae,0,4,0.0,1.0,,0,0.0,1.0
torch,zero,0,7015,Noctuidae,9243,9175,0.9238147138964578,1.0,0.9170182841068917,1.0,0.9204039526550114,1.0
torch,zero,0,7016,Notodontidae,3321,3217,0.9518184644078334,1.0,0.9220114423366456,1.0,0.9366778831446925,1.0
torch,zero,0,7017,Nymphalidae,0,6,0.0,1.0,,0,0.0,1.0
torch,zero,0,7294,Drepanidae,1604,1414,0.9759547383309759,1.0,0.8603491271820449,1.0,0.9145129224652088,1.0
torch,zero,0,7297,Elachistidae,0,23,0.0,1.0,,0,0.0,1.0
torch,zero,0,8838,Coleophoridae,0,118,0.0,1.0,,0,0.0,1.0
torch,zero,0,8839,Cosmopterigidae,0,2,0.0,1.0,,0,0.0,1.0
torch,zero,0,8840,Cossidae,0,28,0.0,1.0,,0,0.0,1.0
torch,zero,0,8841,Crambidae,4542,4309,0.9554420979345556,1.0,0.9064288859533245,1.0,0.9302903626708845,1.0
torch,zero,0,8855,Momphidae,0,3,0.0,1.0,,0,0.0,1.0
torch,zero,0,8860,Plutellidae,14,32,0.375,1.0,0.8571428571428571,1.0,0.5217391304347826,1.0
torch,zero,0,8861,Psychidae,0,41,0.0,1.0,,0,0.0,1.0
torch,zero,0,8863,Pterophoridae,79,82,0.8780487804878049,1.0,0.9113924050632911,1.0,0.8944099378881988,1.0
torch,zero,0,8864,Saturniidae,0,1,0.0,1.0,,0,0.0,1.0
torch,zero,0,8865,Schreckensteiniidae,0,2,0.0,1.0,,0,0.0,1.0
torch,zero,0,8866,Scythrididae,0,4,0.0,1.0,,0,0.0,1.0
torch,zero,0,8868,Sphingidae,1124,1021,0.9794319294809011,1.0,0.8896797153024911,1.0,0.9324009324009326,1.0
torch,zero,0,8871,Tischeriidae,0,53,0.0,1.0,,0,0.0,1.0
torch,zero,0,8874,Yponomeutidae,13,41,0.14634146341463414,1.0,0.46153846153846156,1.0,0.2222222222222222,1.0
torch,zero,0,9408,Micropterigidae,0,2,0.0,1.0,,0,0.0,1.0
torch,zero,0,9410,Lyonetiidae,0,5,0.0,1.0,,0,0.0,1.0
torch,zero,0,9412,Tineidae,0,117,0.0,1.0,,0,0.0,1.0
torch,zero,0,9541689,Meessiidae,0,1,0.0,1.0,,0,0.0,1.0
torch,zero,0,9689,Oecophoridae,32,49,0.3877551020408163,1.0,0.59375,1.0,0.4691358024691358,1.0
torch,zero,0,9717,Nolidae,191,191,0.9214659685863874,1.0,0.9214659685863874,1.0,0.9214659685863874,1.0
torch,optimized,0.970800906419754,3528,Incurvariidae,0,0,1.0,0.0,,0,1.0,0.0
torch,optimized,0.970800906419754,3530,Lasiocampidae,728,374,1.0,1.0,0.5137362637362637,1.0,0.6787658802177858,1.0
torch,optimized,0.970800906419754,3552,Ethmiidae,48,41,1.0,1.0,0.8541666666666666,1.0,0.9213483146067415,1.0
torch,optimized,0.970800906419754,3553,Gelechiidae,2,0,1.0,0.0,0.0,1.0,0.0,1.0
torch,optimized,0.970800906419754,3554,Glyphipterigidae,0,0,1.0,0.0,,0,1.0,0.0
torch,optimized,0.970800906419754,3556,Hepialidae,14,12,1.0,1.0,0.8571428571428571,1.0,0.9230769230769229,1.0
torch,optimized,0.970800906419754,3563,Endromidae,0,0,1.0,0.0,,0,1.0,0.0
torch,optimized,0.970800906419754,4300664,Autostichidae,0,0,1.0,0.0,,0,1.0,0.0
torch,optimized,0.970800906419754,4300668,Peleopodidae,24,18,0.9444444444444444,1.0,0.7083333333333334,1.0,0.8095238095238095,1.0
torch,optimized,0.970800906419754,4525436,Praydidae,0,0,1.0,0.0,,0,1.0,0.0
torch,optimized,0.970800906419754,4525465,Argyresthiidae,0,0,1.0,0.0,,0,1.0,0.0
torch,optimized,0.970800906419754,4527533,Stathmopodidae,2,1,1.0,1.0,0.5,1.0,0.6666666666666666,1.0
torch,optimized,0.970800906419754,4528997,Lypusidae,0,0,1.0,0.0,,0,1.0,0.0
torch,optimized,0.970800906419754,4532185,Erebidae,15241,11359,0.9992957126507616,1.0,0.7447674037136671,1.0,0.8534586466165415,1.0
torch,optimized,0.970800906419754,4538,Adelidae,0,0,1.0,0.0,,0,1.0,0.0
torch,optimized,0.970800906419754,4542,Alucitidae,1,1,1.0,1.0,1.0,1.0,1.0,1.0
torch,optimized,0.970800906419754,4554,Batrachedridae,0,0,1.0,0.0,,0,1.0,0.0
torch,optimized,0.970800906419754,4705755,Depressariidae,0,0,1.0,0.0,,0,1.0,0.0
torch,optimized,0.970800906419754,4864,Bedelliidae,0,21,0.0,1.0,,0,0.0,1.0
torch,optimized,0.970800906419754,4865,Blastobasidae,0,0,1.0,0.0,,0,1.0,0.0
torch,optimized,0.970800906419754,4867,Bucculatricidae,0,0,1.0,0.0,,0,1.0,0.0
torch,optimized,0.970800906419754,4870,Choreutidae,0,2,0.0,1.0,,0,0.0,1.0
torch,optimized,0.970800906419754,5320,Douglasiidae,0,0,1.0,0.0,,0,1.0,0.0
torch,optimized,0.970800906419754,5336,Pyralidae,365,261,0.9885057471264368,1.0,0.7068493150684931,1.0,0.8242811501597445,1.0
torch,optimized,0.970800906419754,5340,Sesiidae,0,0,1.0,0.0,,0,1.0,0.0
torch,optimized,0.970800906419754,5343,Tortricidae,632,455,0.9868131868131869,1.0,0.7104430379746836,1.0,0.8261269549218031,1.0
torch,optimized,0.970800906419754,5345,Ypsolophidae,46,27,1.0,1.0,0.5869565217391305,1.0,0.7397260273972603,1.0
torch,optimized,0.970800906419754,5474,Limacodidae,475,205,0.9951219512195122,1.0,0.42947368421052634,1.0,0.6000000000000001,1.0
torch,optimized,0.970800906419754,5481,Pieridae,0,0,1.0,0.0,,0,1.0,0.0
torch,optimized,0.970800906419754,5487,Gracillariidae,0,0,1.0,0.0,,0,1.0,0.0
torch,optimized,0.970800906419754,6166,Opostegidae,0,2,0.0,1.0,,0,0.0,1.0
torch,optimized,0.970800906419754,6946,Eriocraniidae,0,0,1.0,0.0,,0,1.0,0.0
torch,optimized,0.970800906419754,6950,Geometridae,15047,12182,0.999179116729601,1.0,0.8089320130258524,1.0,0.8940467883506555,1.0
torch,optimized,0.970800906419754,6954,Epermeniidae,0,0,1.0,0.0,,0,1.0,0.0
torch,optimized,0.970800906419754,7014,Nepticulidae,0,0,1.0,0.0,,0,1.0,0.0
torch,optimized,0.970800906419754,7015,Noctuidae,9243,6331,0.9987363765597852,1.0,0.6840852537055069,1.0,0.811994349556954,1.0
torch,optimized,0.970800906419754,7016,Notodontidae,3321,2622,0.9988558352402745,1.0,0.7886178861788617,1.0,0.8813730439172136,1.0
torch,optimized,0.970800906419754,7017,Nymphalidae,0,0,1.0,0.0,,0,1.0,0.0
torch,optimized,0.970800906419754,7294,Drepanidae,1604,1119,0.998212689901698,1.0,0.6963840399002493,1.0,0.8204186558942343,1.0
torch,optimized,0.970800906419754,7297,Elachistidae,0,0,1.0,0.0,,0,1.0,0.0
torch,optimized,0.970800906419754,8838,Coleophoridae,0,2,0.0,1.0,,0,0.0,1.0
torch,optimized,0.970800906419754,8839,Cosmopterigidae,0,0,1.0,0.0,,0,1.0,0.0
torch,optimized,0.970800906419754,8840,Cossidae,0,1,0.0,1.0,,0,0.0,1.0
torch,optimized,0.970800906419754,8841,Crambidae,4542,2423,0.9987618654560462,1.0,0.5328049317481286,1.0,0.6949030868628859,1.0
torch,optimized,0.970800906419754,8855,Momphidae,0,0,1.0,0.0,,0,1.0,0.0
torch,optimized,0.970800906419754,8860,Plutellidae,14,12,0.9166666666666666,1.0,0.7857142857142857,1.0,0.8461538461538461,1.0
torch,optimized,0.970800906419754,8861,Psychidae,0,1,0.0,1.0,,0,0.0,1.0
torch,optimized,0.970800906419754,8863,Pterophoridae,79,71,0.9859154929577465,1.0,0.8860759493670886,1.0,0.9333333333333333,1.0
torch,optimized,0.970800906419754,8864,Saturniidae,0,0,1.0,0.0,,0,1.0,0.0
torch,optimized,0.970800906419754,8865,Schreckensteiniidae,0,0,1.0,0.0,,0,1.0,0.0
torch,optimized,0.970800906419754,8866,Scythrididae,0,0,1.0,0.0,,0,1.0,0.0
torch,optimized,0.970800906419754,8868,Sphingidae,1124,855,1.0,1.0,0.7606761565836299,1.0,0.8640727640222333,1.0
torch,optimized,0.970800906419754,8871,Tischeriidae,0,0,1.0,0.0,,0,1.0,0.0
torch,optimized,0.970800906419754,8874,Yponomeutidae,13,3,0.6666666666666666,1.0,0.15384615384615385,1.0,0.25,1.0
torch,optimized,0.970800906419754,9408,Micropterigidae,0,0,1.0,0.0,,0,1.0,0.0
torch,optimized,0.970800906419754,9410,Lyonetiidae,0,0,1.0,0.0,,0,1.0,0.0
torch,optimized,0.970800906419754,9412,Tineidae,0,2,0.0,1.0,,0,0.0,1.0
torch,optimized,0.970800906419754,9541689,Meessiidae,0,0,1.0,0.0,,0,1.0,0.0
torch,optimized,0.970800906419754,9689,Oecophoridae,32,18,1.0,1.0,0.5625,1.0,0.72,1.0
torch,optimized,0.970800906419754,9717,Nolidae,191,145,1.0,1.0,0.7591623036649214,1.0,0.863095238095238,1.0
torch,common_0.96,0.96,3528,Incurvariidae,0,0,1.0,0.0,,0,1.0,0.0
torch,common_0.96,0.96,3530,Lasiocampidae,728,387,1.0,1.0,0.5315934065934066,1.0,0.694170403587444,1.0
torch,common_0.96,0.96,3552,Ethmiidae,48,41,1.0,1.0,0.8541666666666666,1.0,0.9213483146067415,1.0
torch,common_0.96,0.96,3553,Gelechiidae,2,1,0.0,1.0,0.0,1.0,0.0,1.0
torch,common_0.96,0.96,3554,Glyphipterigidae,0,0,1.0,0.0,,0,1.0,0.0
torch,common_0.96,0.96,3556,Hepialidae,14,12,1.0,1.0,0.8571428571428571,1.0,0.9230769230769229,1.0
torch,common_0.96,0.96,3563,Endromidae,0,0,1.0,0.0,,0,1.0,0.0
torch,common_0.96,0.96,4300664,Autostichidae,0,0,1.0,0.0,,0,1.0,0.0
torch,common_0.96,0.96,4300668,Peleopodidae,24,19,0.9473684210526315,1.0,0.75,1.0,0.8372093023255814,1.0
torch,common_0.96,0.96,4525436,Praydidae,0,0,1.0,0.0,,0,1.0,0.0
torch,common_0.96,0.96,4525465,Argyresthiidae,0,0,1.0,0.0,,0,1.0,0.0
torch,common_0.96,0.96,4527533,Stathmopodidae,2,1,1.0,1.0,0.5,1.0,0.6666666666666666,1.0
torch,common_0.96,0.96,4528997,Lypusidae,0,0,1.0,0.0,,0,1.0,0.0
torch,common_0.96,0.96,4532185,Erebidae,15241,11634,0.9990544954443872,1.0,0.7626140017059249,1.0,0.8649674418604651,1.0
torch,common_0.96,0.96,4538,Adelidae,0,0,1.0,0.0,,0,1.0,0.0
torch,common_0.96,0.96,4542,Alucitidae,1,1,1.0,1.0,1.0,1.0,1.0,1.0
torch,common_0.96,0.96,4554,Batrachedridae,0,0,1.0,0.0,,0,1.0,0.0
torch,common_0.96,0.96,4705755,Depressariidae,0,1,0.0,1.0,,0,0.0,1.0
torch,common_0.96,0.96,4864,Bedelliidae,0,24,0.0,1.0,,0,0.0,1.0
torch,common_0.96,0.96,4865,Blastobasidae,0,0,1.0,0.0,,0,1.0,0.0
torch,common_0.96,0.96,4867,Bucculatricidae,0,0,1.0,0.0,,0,1.0,0.0
torch,common_0.96,0.96,4870,Choreutidae,0,3,0.0,1.0,,0,0.0,1.0
torch,common_0.96,0.96,5320,Douglasiidae,0,0,1.0,0.0,,0,1.0,0.0
torch,common_0.96,0.96,5336,Pyralidae,365,269,0.9888475836431226,1.0,0.7287671232876712,1.0,0.8391167192429022,1.0
torch,common_0.96,0.96,5340,Sesiidae,0,0,1.0,0.0,,0,1.0,0.0
torch,common_0.96,0.96,5343,Tortricidae,632,468,0.9829059829059829,1.0,0.7278481012658228,1.0,0.8363636363636364,1.0
torch,common_0.96,0.96,5345,Ypsolophidae,46,27,1.0,1.0,0.5869565217391305,1.0,0.7397260273972603,1.0
torch,common_0.96,0.96,5474,Limacodidae,475,217,0.9953917050691244,1.0,0.45473684210526316,1.0,0.624277456647399,1.0
torch,common_0.96,0.96,5481,Pieridae,0,0,1.0,0.0,,0,1.0,0.0
torch,common_0.96,0.96,5487,Gracillariidae,0,0,1.0,0.0,,0,1.0,0.0
torch,common_0.96,0.96,6166,Opostegidae,0,2,0.0,1.0,,0,0.0,1.0
torch,common_0.96,0.96,6946,Eriocraniidae,0,0,1.0,0.0,,0,1.0,0.0
torch,common_0.96,0.96,6950,Geometridae,15047,12469,0.9987970166011709,1.0,0.8276732903568818,1.0,0.9052187817996801,1.0
torch,common_0.96,0.96,6954,Epermeniidae,0,0,1.0,0.0,,0,1.0,0.0
torch,common_0.96,0.96,7014,Nepticulidae,0,0,1.0,0.0,,0,1.0,0.0
torch,common_0.96,0.96,7015,Noctuidae,9243,6525,0.9983141762452107,1.0,0.7047495401925782,1.0,0.8262303399289701,1.0
torch,common_0.96,0.96,7016,Notodontidae,3321,2661,0.9984968057121383,1.0,0.8000602228244504,1.0,0.8883316616516214,1.0
torch,common_0.96,0.96,7017,Nymphalidae,0,0,1.0,0.0,,0,1.0,0.0
torch,common_0.96,0.96,7294,Drepanidae,1604,1140,0.9982456140350877,1.0,0.7094763092269327,1.0,0.8294460641399417,1.0
torch,common_0.96,0.96,7297,Elachistidae,0,0,1.0,0.0,,0,1.0,0.0
torch,common_0.96,0.96,8838,Coleophoridae,0,2,0.0,1.0,,0,0.0,1.0
torch,common_0.96,0.96,8839,Cosmopterigidae,0,0,1.0,0.0,,0,1.0,0.0
torch,common_0.96,0.96,8840,Cossidae,0,1,0.0,1.0,,0,0.0,1.0
torch,common_0.96,0.96,8841,Crambidae,4542,2550,0.9988235294117647,1.0,0.5607661822985469,1.0,0.7182741116751269,1.0
torch,common_0.96,0.96,8855,Momphidae,0,0,1.0,0.0,,0,1.0,0.0
torch,common_0.96,0.96,8860,Plutellidae,14,12,0.9166666666666666,1.0,0.7857142857142857,1.0,0.8461538461538461,1.0
torch,common_0.96,0.96,8861,Psychidae,0,1,0.0,1.0,,0,0.0,1.0
torch,common_0.96,0.96,8863,Pterophoridae,79,71,0.9859154929577465,1.0,0.8860759493670886,1.0,0.9333333333333333,1.0
torch,common_0.96,0.96,8864,Saturniidae,0,0,1.0,0.0,,0,1.0,0.0
torch,common_0.96,0.96,8865,Schreckensteiniidae,0,0,1.0,0.0,,0,1.0,0.0
torch,common_0.96,0.96,8866,Scythrididae,0,0,1.0,0.0,,0,1.0,0.0
torch,common_0.96,0.96,8868,Sphingidae,1124,861,1.0,1.0,0.7660142348754448,1.0,0.8675062972292191,1.0
torch,common_0.96,0.96,8871,Tischeriidae,0,0,1.0,0.0,,0,1.0,0.0
torch,common_0.96,0.96,8874,Yponomeutidae,13,3,0.6666666666666666,1.0,0.15384615384615385,1.0,0.25,1.0
torch,common_0.96,0.96,9408,Micropterigidae,0,0,1.0,0.0,,0,1.0,0.0
torch,common_0.96,0.96,9410,Lyonetiidae,0,0,1.0,0.0,,0,1.0,0.0
torch,common_0.96,0.96,9412,Tineidae,0,4,0.0,1.0,,0,0.0,1.0
torch,common_0.96,0.96,9541689,Meessiidae,0,0,1.0,0.0,,0,1.0,0.0
torch,common_0.96,0.96,9689,Oecophoridae,32,18,1.0,1.0,0.5625,1.0,0.72,1.0
torch,common_0.96,0.96,9717,Nolidae,191,146,1.0,1.0,0.7643979057591623,1.0,0.8664688427299703,1.0
onnx,zero,0,3528,Incurvariidae,0,6,0.0,1.0,,0,0.0,1.0
onnx,zero,0,3530,Lasiocampidae,728,616,0.939935064935065,1.0,0.7953296703296703,1.0,0.8616071428571428,1.0
onnx,zero,0,3552,Ethmiidae,48,49,0.8571428571428571,1.0,0.875,1.0,0.865979381443299,1.0
onnx,zero,0,3553,Gelechiidae,2,135,0.0,1.0,0.0,1.0,0.0,1.0
onnx,zero,0,3554,Glyphipterigidae,0,6,0.0,1.0,,0,0.0,1.0
onnx,zero,0,3556,Hepialidae,14,42,0.30952380952380953,1.0,0.9285714285714286,1.0,0.4642857142857143,1.0
onnx,zero,0,3563,Endromidae,0,1,0.0,1.0,,0,0.0,1.0
onnx,zero,0,4300664,Autostichidae,0,11,0.0,1.0,,0,0.0,1.0
onnx,zero,0,4300668,Peleopodidae,24,27,0.7407407407407407,1.0,0.8333333333333334,1.0,0.7843137254901962,1.0
onnx,zero,0,4525436,Praydidae,0,2,0.0,1.0,,0,0.0,1.0
onnx,zero,0,4525465,Argyresthiidae,0,1,0.0,1.0,,0,0.0,1.0
onnx,zero,0,4527533,Stathmopodidae,2,1,1.0,1.0,0.5,1.0,0.6666666666666666,1.0
onnx,zero,0,4528997,Lypusidae,0,7,0.0,1.0,,0,0.0,1.0
onnx,zero,0,4532185,Erebidae,15241,14480,0.9831491712707182,1.0,0.9340594449183125,1.0,0.9579758419972411,1.0
onnx,zero,0,4538,Adelidae,0,22,0.0,1.0,,0,0.0,1.0
onnx,zero,0,4542,Alucitidae,1,3,0.3333333333333333,1.0,1.0,1.0,0.5,1.0
onnx,zero,0,4554,Batrachedridae,0,4,0.0,1.0,,0,0.0,1.0
onnx,zero,0,4705755,Depressariidae,0,52,0.0,1.0,,0,0.0,1.0
onnx,zero,0,4864,Bedelliidae,0,132,0.0,1.0,,0,0.0,1.0
onnx,zero,0,4865,Blastobasidae,0,19,0.0,1.0,,0,0.0,1.0
onnx,zero,0,4867,Bucculatricidae,0,1,0.0,1.0,,0,0.0,1.0
onnx,zero,0,4870,Choreutidae,0,15,0.0,1.0,,0,0.0,1.0
onnx,zero,0,5320,Douglasiidae,0,1,0.0,1.0,,0,0.0,1.0
onnx,zero,0,5336,Pyralidae,365,559,0.6010733452593918,1.0,0.9205479452054794,1.0,0.7272727272727273,1.0
onnx,zero,0,5340,Sesiidae,0,5,0.0,1.0,,0,0.0,1.0
onnx,zero,0,5343,Tortricidae,632,1308,0.46559633027522934,1.0,0.9636075949367089,1.0,0.6278350515463917,1.0
onnx,zero,0,5345,Ypsolophidae,46,49,0.8571428571428571,1.0,0.9130434782608695,1.0,0.8842105263157894,1.0
onnx,zero,0,5474,Limacodidae,475,383,0.9608355091383812,1.0,0.7747368421052632,1.0,0.8578088578088578,1.0
onnx,zero,0,5481,Pieridae,0,5,0.0,1.0,,0,0.0,1.0
onnx,zero,0,5487,Gracillariidae,0,23,0.0,1.0,,0,0.0,1.0
onnx,zero,0,6166,Opostegidae,0,30,0.0,1.0,,0,0.0,1.0
onnx,zero,0,6946,Eriocraniidae,0,1,0.0,1.0,,0,0.0,1.0
onnx,zero,0,6950,Geometridae,15047,14855,0.9778525748906092,1.0,0.9653751578387718,1.0,0.9715738077720553,1.0
onnx,zero,0,6954,Epermeniidae,0,2,0.0,1.0,,0,0.0,1.0
onnx,zero,0,7014,Nepticulidae,0,4,0.0,1.0,,0,0.0,1.0
onnx,zero,0,7015,Noctuidae,9243,9171,0.9243266819321775,1.0,0.9171264740884995,1.0,0.9207125013576627,1.0
onnx,zero,0,7016,Notodontidae,3321,3215,0.9517884914463453,1.0,0.9214092140921409,1.0,0.9363525091799266,1.0
onnx,zero,0,7017,Nymphalidae,0,6,0.0,1.0,,0,0.0,1.0
onnx,zero,0,7294,Drepanidae,1604,1414,0.9759547383309759,1.0,0.8603491271820449,1.0,0.9145129224652088,1.0
onnx,zero,0,7297,Elachistidae,0,23,0.0,1.0,,0,0.0,1.0
onnx,zero,0,8838,Coleophoridae,0,118,0.0,1.0,,0,0.0,1.0
onnx,zero,0,8839,Cosmopterigidae,0,2,0.0,1.0,,0,0.0,1.0
onnx,zero,0,8840,Cossidae,0,28,0.0,1.0,,0,0.0,1.0
onnx,zero,0,8841,Crambidae,4542,4312,0.9554730983302412,1.0,0.9070893879348305,1.0,0.9306528122882314,1.0
onnx,zero,0,8855,Momphidae,0,3,0.0,1.0,,0,0.0,1.0
onnx,zero,0,8860,Plutellidae,14,31,0.3870967741935484,1.0,0.8571428571428571,1.0,0.5333333333333333,1.0
onnx,zero,0,8861,Psychidae,0,42,0.0,1.0,,0,0.0,1.0
onnx,zero,0,8863,Pterophoridae,79,82,0.8780487804878049,1.0,0.9113924050632911,1.0,0.8944099378881988,1.0
onnx,zero,0,8864,Saturniidae,0,1,0.0,1.0,,0,0.0,1.0
onnx,zero,0,8865,Schreckensteiniidae,0,2,0.0,1.0,,0,0.0,1.0
onnx,zero,0,8866,Scythrididae,0,4,0.0,1.0,,0,0.0,1.0
onnx,zero,0,8868,Sphingidae,1124,1021,0.9794319294809011,1.0,0.8896797153024911,1.0,0.9324009324009326,1.0
onnx,zero,0,8871,Tischeriidae,0,53,0.0,1.0,,0,0.0,1.0
onnx,zero,0,8874,Yponomeutidae,13,39,0.15384615384615385,1.0,0.46153846153846156,1.0,0.23076923076923078,1.0
onnx,zero,0,9408,Micropterigidae,0,2,0.0,1.0,,0,0.0,1.0
onnx,zero,0,9410,Lyonetiidae,0,4,0.0,1.0,,0,0.0,1.0
onnx,zero,0,9412,Tineidae,0,117,0.0,1.0,,0,0.0,1.0
onnx,zero,0,9541689,Meessiidae,0,1,0.0,1.0,,0,0.0,1.0
onnx,zero,0,9689,Oecophoridae,32,49,0.3877551020408163,1.0,0.59375,1.0,0.4691358024691358,1.0
onnx,zero,0,9717,Nolidae,191,191,0.9214659685863874,1.0,0.9214659685863874,1.0,0.9214659685863874,1.0
onnx,optimized,0.9698503911495209,3528,Incurvariidae,0,0,1.0,0.0,,0,1.0,0.0
onnx,optimized,0.9698503911495209,3530,Lasiocampidae,728,376,1.0,1.0,0.5164835164835165,1.0,0.6811594202898551,1.0
onnx,optimized,0.9698503911495209,3552,Ethmiidae,48,41,1.0,1.0,0.8541666666666666,1.0,0.9213483146067415,1.0
onnx,optimized,0.9698503911495209,3553,Gelechiidae,2,0,1.0,0.0,0.0,1.0,0.0,1.0
onnx,optimized,0.9698503911495209,3554,Glyphipterigidae,0,0,1.0,0.0,,0,1.0,0.0
onnx,optimized,0.9698503911495209,3556,Hepialidae,14,12,1.0,1.0,0.8571428571428571,1.0,0.9230769230769229,1.0
onnx,optimized,0.9698503911495209,3563,Endromidae,0,0,1.0,0.0,,0,1.0,0.0
onnx,optimized,0.9698503911495209,4300664,Autostichidae,0,0,1.0,0.0,,0,1.0,0.0
onnx,optimized,0.9698503911495209,4300668,Peleopodidae,24,18,0.9444444444444444,1.0,0.7083333333333334,1.0,0.8095238095238095,1.0
onnx,optimized,0.9698503911495209,4525436,Praydidae,0,0,1.0,0.0,,0,1.0,0.0
onnx,optimized,0.9698503911495209,4525465,Argyresthiidae,0,0,1.0,0.0,,0,1.0,0.0
onnx,optimized,0.9698503911495209,4527533,Stathmopodidae,2,1,1.0,1.0,0.5,1.0,0.6666666666666666,1.0
onnx,optimized,0.9698503911495209,4528997,Lypusidae,0,0,1.0,0.0,,0,1.0,0.0
onnx,optimized,0.9698503911495209,4532185,Erebidae,15241,11389,0.9992975678286066,1.0,0.7467357784922249,1.0,0.8547502816372513,1.0
onnx,optimized,0.9698503911495209,4538,Adelidae,0,0,1.0,0.0,,0,1.0,0.0
onnx,optimized,0.9698503911495209,4542,Alucitidae,1,1,1.0,1.0,1.0,1.0,1.0,1.0
onnx,optimized,0.9698503911495209,4554,Batrachedridae,0,0,1.0,0.0,,0,1.0,0.0
onnx,optimized,0.9698503911495209,4705755,Depressariidae,0,0,1.0,0.0,,0,1.0,0.0
onnx,optimized,0.9698503911495209,4864,Bedelliidae,0,21,0.0,1.0,,0,0.0,1.0
onnx,optimized,0.9698503911495209,4865,Blastobasidae,0,0,1.0,0.0,,0,1.0,0.0
onnx,optimized,0.9698503911495209,4867,Bucculatricidae,0,0,1.0,0.0,,0,1.0,0.0
onnx,optimized,0.9698503911495209,4870,Choreutidae,0,2,0.0,1.0,,0,0.0,1.0
onnx,optimized,0.9698503911495209,5320,Douglasiidae,0,0,1.0,0.0,,0,1.0,0.0
onnx,optimized,0.9698503911495209,5336,Pyralidae,365,262,0.9885496183206107,1.0,0.7095890410958904,1.0,0.8261562998405104,1.0
onnx,optimized,0.9698503911495209,5340,Sesiidae,0,0,1.0,0.0,,0,1.0,0.0
onnx,optimized,0.9698503911495209,5343,Tortricidae,632,458,0.9868995633187773,1.0,0.7151898734177216,1.0,0.8293577981651375,1.0
onnx,optimized,0.9698503911495209,5345,Ypsolophidae,46,27,1.0,1.0,0.5869565217391305,1.0,0.7397260273972603,1.0
onnx,optimized,0.9698503911495209,5474,Limacodidae,475,209,0.9952153110047847,1.0,0.4378947368421053,1.0,0.608187134502924,1.0
onnx,optimized,0.9698503911495209,5481,Pieridae,0,0,1.0,0.0,,0,1.0,0.0
onnx,optimized,0.9698503911495209,5487,Gracillariidae,0,0,1.0,0.0,,0,1.0,0.0
onnx,optimized,0.9698503911495209,6166,Opostegidae,0,2,0.0,1.0,,0,0.0,1.0
onnx,optimized,0.9698503911495209,6946,Eriocraniidae,0,0,1.0,0.0,,0,1.0,0.0
onnx,optimized,0.9698503911495209,6950,Geometridae,15047,12205,0.9991806636624334,1.0,0.8104605569216455,1.0,0.8949801849405549,1.0
onnx,optimized,0.9698503911495209,6954,Epermeniidae,0,0,1.0,0.0,,0,1.0,0.0
onnx,optimized,0.9698503911495209,7014,Nepticulidae,0,0,1.0,0.0,,0,1.0,0.0
onnx,optimized,0.9698503911495209,7015,Noctuidae,9243,6347,0.9987395619977942,1.0,0.6858162934112301,1.0,0.8132135984605516,1.0
onnx,optimized,0.9698503911495209,7016,Notodontidae,3321,2626,0.9988575780654989,1.0,0.7898223426678711,1.0,0.8821254413990248,1.0
onnx,optimized,0.9698503911495209,7017,Nymphalidae,0,0,1.0,0.0,,0,1.0,0.0
onnx,optimized,0.9698503911495209,7294,Drepanidae,1604,1121,0.9982158786797503,1.0,0.6976309226932669,1.0,0.8212844036697247,1.0
onnx,optimized,0.9698503911495209,7297,Elachistidae,0,0,1.0,0.0,,0,1.0,0.0
onnx,optimized,0.9698503911495209,8838,Coleophoridae,0,2,0.0,1.0,,0,0.0,1.0
onnx,optimized,0.9698503911495209,8839,Cosmopterigidae,0,0,1.0,0.0,,0,1.0,0.0
onnx,optimized,0.9698503911495209,8840,Cossidae,0,1,0.0,1.0,,0,0.0,1.0
onnx,optimized,0.9698503911495209,8841,Crambidae,4542,2444,0.9987725040916531,1.0,0.5374284456186702,1.0,0.6988262238763241,1.0
onnx,optimized,0.9698503911495209,8855,Momphidae,0,0,1.0,0.0,,0,1.0,0.0
onnx,optimized,0.9698503911495209,8860,Plutellidae,14,12,0.9166666666666666,1.0,0.7857142857142857,1.0,0.8461538461538461,1.0
onnx,optimized,0.9698503911495209,8861,Psychidae,0,1,0.0,1.0,,0,0.0,1.0
onnx,optimized,0.9698503911495209,8863,Pterophoridae,79,71,0.9859154929577465,1.0,0.8860759493670886,1.0,0.9333333333333333,1.0
onnx,optimized,0.9698503911495209,8864,Saturniidae,0,0,1.0,0.0,,0,1.0,0.0
onnx,optimized,0.9698503911495209,8865,Schreckensteiniidae,0,0,1.0,0.0,,0,1.0,0.0
onnx,optimized,0.9698503911495209,8866,Scythrididae,0,0,1.0,0.0,,0,1.0,0.0
onnx,optimized,0.9698503911495209,8868,Sphingidae,1124,855,1.0,1.0,0.7606761565836299,1.0,0.8640727640222333,1.0
onnx,optimized,0.9698503911495209,8871,Tischeriidae,0,0,1.0,0.0,,0,1.0,0.0
onnx,optimized,0.9698503911495209,8874,Yponomeutidae,13,3,0.6666666666666666,1.0,0.15384615384615385,1.0,0.25,1.0
onnx,optimized,0.9698503911495209,9408,Micropterigidae,0,0,1.0,0.0,,0,1.0,0.0
onnx,optimized,0.9698503911495209,9410,Lyonetiidae,0,0,1.0,0.0,,0,1.0,0.0
onnx,optimized,0.9698503911495209,9412,Tineidae,0,2,0.0,1.0,,0,0.0,1.0
onnx,optimized,0.9698503911495209,9541689,Meessiidae,0,0,1.0,0.0,,0,1.0,0.0
onnx,optimized,0.9698503911495209,9689,Oecophoridae,32,18,1.0,1.0,0.5625,1.0,0.72,1.0
onnx,optimized,0.9698503911495209,9717,Nolidae,191,145,1.0,1.0,0.7591623036649214,1.0,0.863095238095238,1.0
onnx,common_0.96,0.96,3528,Incurvariidae,0,0,1.0,0.0,,0,1.0,0.0
onnx,common_0.96,0.96,3530,Lasiocampidae,728,387,1.0,1.0,0.5315934065934066,1.0,0.694170403587444,1.0
onnx,common_0.96,0.96,3552,Ethmiidae,48,41,1.0,1.0,0.8541666666666666,1.0,0.9213483146067415,1.0
onnx,common_0.96,0.96,3553,Gelechiidae,2,1,0.0,1.0,0.0,1.0,0.0,1.0
onnx,common_0.96,0.96,3554,Glyphipterigidae,0,0,1.0,0.0,,0,1.0,0.0
onnx,common_0.96,0.96,3556,Hepialidae,14,12,1.0,1.0,0.8571428571428571,1.0,0.9230769230769229,1.0
onnx,common_0.96,0.96,3563,Endromidae,0,0,1.0,0.0,,0,1.0,0.0
onnx,common_0.96,0.96,4300664,Autostichidae,0,0,1.0,0.0,,0,1.0,0.0
onnx,common_0.96,0.96,4300668,Peleopodidae,24,19,0.9473684210526315,1.0,0.75,1.0,0.8372093023255814,1.0
onnx,common_0.96,0.96,4525436,Praydidae,0,0,1.0,0.0,,0,1.0,0.0
onnx,common_0.96,0.96,4525465,Argyresthiidae,0,0,1.0,0.0,,0,1.0,0.0
onnx,common_0.96,0.96,4527533,Stathmopodidae,2,1,1.0,1.0,0.5,1.0,0.6666666666666666,1.0
onnx,common_0.96,0.96,4528997,Lypusidae,0,0,1.0,0.0,,0,1.0,0.0
onnx,common_0.96,0.96,4532185,Erebidae,15241,11640,0.9990549828178694,1.0,0.7630076766616364,1.0,0.8652207879171162,1.0
onnx,common_0.96,0.96,4538,Adelidae,0,0,1.0,0.0,,0,1.0,0.0
onnx,common_0.96,0.96,4542,Alucitidae,1,1,1.0,1.0,1.0,1.0,1.0,1.0
onnx,common_0.96,0.96,4554,Batrachedridae,0,0,1.0,0.0,,0,1.0,0.0
onnx,common_0.96,0.96,4705755,Depressariidae,0,1,0.0,1.0,,0,0.0,1.0
onnx,common_0.96,0.96,4864,Bedelliidae,0,25,0.0,1.0,,0,0.0,1.0
onnx,common_0.96,0.96,4865,Blastobasidae,0,0,1.0,0.0,,0,1.0,0.0
onnx,common_0.96,0.96,4867,Bucculatricidae,0,0,1.0,0.0,,0,1.0,0.0
onnx,common_0.96,0.96,4870,Choreutidae,0,3,0.0,1.0,,0,0.0,1.0
onnx,common_0.96,0.96,5320,Douglasiidae,0,0,1.0,0.0,,0,1.0,0.0
onnx,common_0.96,0.96,5336,Pyralidae,365,269,0.9888475836431226,1.0,0.7287671232876712,1.0,0.8391167192429022,1.0
onnx,common_0.96,0.96,5340,Sesiidae,0,0,1.0,0.0,,0,1.0,0.0
onnx,common_0.96,0.96,5343,Tortricidae,632,468,0.9829059829059829,1.0,0.7278481012658228,1.0,0.8363636363636364,1.0
onnx,common_0.96,0.96,5345,Ypsolophidae,46,27,1.0,1.0,0.5869565217391305,1.0,0.7397260273972603,1.0
onnx,common_0.96,0.96,5474,Limacodidae,475,218,0.9954128440366973,1.0,0.4568421052631579,1.0,0.6262626262626263,1.0
onnx,common_0.96,0.96,5481,Pieridae,0,0,1.0,0.0,,0,1.0,0.0
onnx,common_0.96,0.96,5487,Gracillariidae,0,0,1.0,0.0,,0,1.0,0.0
onnx,common_0.96,0.96,6166,Opostegidae,0,2,0.0,1.0,,0,0.0,1.0
onnx,common_0.96,0.96,6946,Eriocraniidae,0,0,1.0,0.0,,0,1.0,0.0
onnx,common_0.96,0.96,6950,Geometridae,15047,12468,0.9987969201154957,1.0,0.8276068319266299,1.0,0.9051789932763946,1.0
onnx,common_0.96,0.96,6954,Epermeniidae,0,0,1.0,0.0,,0,1.0,0.0
onnx,common_0.96,0.96,7014,Nepticulidae,0,0,1.0,0.0,,0,1.0,0.0
onnx,common_0.96,0.96,7015,Noctuidae,9243,6523,0.9983136593591906,1.0,0.7045331602293627,1.0,0.8260814410757326,1.0
onnx,common_0.96,0.96,7016,Notodontidae,3321,2660,0.9984962406015038,1.0,0.7997591087021981,1.0,0.8881457950175556,1.0
onnx,common_0.96,0.96,7017,Nymphalidae,0,0,1.0,0.0,,0,1.0,0.0
onnx,common_0.96,0.96,7294,Drepanidae,1604,1140,0.9982456140350877,1.0,0.7094763092269327,1.0,0.8294460641399417,1.0
onnx,common_0.96,0.96,7297,Elachistidae,0,0,1.0,0.0,,0,1.0,0.0
onnx,common_0.96,0.96,8838,Coleophoridae,0,2,0.0,1.0,,0,0.0,1.0
onnx,common_0.96,0.96,8839,Cosmopterigidae,0,0,1.0,0.0,,0,1.0,0.0
onnx,common_0.96,0.96,8840,Cossidae,0,1,0.0,1.0,,0,0.0,1.0
onnx,common_0.96,0.96,8841,Crambidae,4542,2553,0.9988249118683902,1.0,0.5614266842800528,1.0,0.718816067653277,1.0
onnx,common_0.96,0.96,8855,Momphidae,0,0,1.0,0.0,,0,1.0,0.0
onnx,common_0.96,0.96,8860,Plutellidae,14,12,0.9166666666666666,1.0,0.7857142857142857,1.0,0.8461538461538461,1.0
onnx,common_0.96,0.96,8861,Psychidae,0,1,0.0,1.0,,0,0.0,1.0
onnx,common_0.96,0.96,8863,Pterophoridae,79,71,0.9859154929577465,1.0,0.8860759493670886,1.0,0.9333333333333333,1.0
onnx,common_0.96,0.96,8864,Saturniidae,0,0,1.0,0.0,,0,1.0,0.0
onnx,common_0.96,0.96,8865,Schreckensteiniidae,0,0,1.0,0.0,,0,1.0,0.0
onnx,common_0.96,0.96,8866,Scythrididae,0,0,1.0,0.0,,0,1.0,0.0
onnx,common_0.96,0.96,8868,Sphingidae,1124,862,1.0,1.0,0.7669039145907474,1.0,0.8680765357502517,1.0
onnx,common_0.96,0.96,8871,Tischeriidae,0,0,1.0,0.0,,0,1.0,0.0
onnx,common_0.96,0.96,8874,Yponomeutidae,13,3,0.6666666666666666,1.0,0.15384615384615385,1.0,0.25,1.0
onnx,common_0.96,0.96,9408,Micropterigidae,0,0,1.0,0.0,,0,1.0,0.0
onnx,common_0.96,0.96,9410,Lyonetiidae,0,0,1.0,0.0,,0,1.0,0.0
onnx,common_0.96,0.96,9412,Tineidae,0,4,0.0,1.0,,0,0.0,1.0
onnx,common_0.96,0.96,9541689,Meessiidae,0,0,1.0,0.0,,0,1.0,0.0
onnx,common_0.96,0.96,9689,Oecophoridae,32,18,1.0,1.0,0.5625,1.0,0.72,1.0
onnx,common_0.96,0.96,9717,Nolidae,191,146,1.0,1.0,0.7643979057591623,1.0,0.8664688427299703,1.0
torch-tta,zero,0,3528,Incurvariidae,0,5,0.0,1.0,,0,0.0,1.0
torch-tta,zero,0,3530,Lasiocampidae,728,634,0.9589905362776026,1.0,0.8351648351648352,1.0,0.8928046989721,1.0
torch-tta,zero,0,3552,Ethmiidae,48,49,0.8571428571428571,1.0,0.875,1.0,0.865979381443299,1.0
torch-tta,zero,0,3553,Gelechiidae,2,87,0.0,1.0,0.0,1.0,0.0,1.0
torch-tta,zero,0,3554,Glyphipterigidae,0,3,0.0,1.0,,0,0.0,1.0
torch-tta,zero,0,3556,Hepialidae,14,35,0.4,1.0,1.0,1.0,0.5714285714285714,1.0
torch-tta,zero,0,4300664,Autostichidae,0,6,0.0,1.0,,0,0.0,1.0
torch-tta,zero,0,4300668,Peleopodidae,24,26,0.8461538461538461,1.0,0.9166666666666666,1.0,0.8799999999999999,1.0
torch-tta,zero,0,4525436,Praydidae,0,3,0.0,1.0,,0,0.0,1.0
torch-tta,zero,0,4525465,Argyresthiidae,0,1,0.0,1.0,,0,0.0,1.0
torch-tta,zero,0,4527533,Stathmopodidae,2,2,1.0,1.0,1.0,1.0,1.0,1.0
torch-tta,zero,0,4528997,Lypusidae,0,3,0.0,1.0,,0,0.0,1.0
torch-tta,zero,0,4532185,Erebidae,15241,14747,0.9858954363599376,1.0,0.9539400301817466,1.0,0.9696545284780579,1.0
torch-tta,zero,0,4538,Adelidae,0,23,0.0,1.0,,0,0.0,1.0
torch-tta,zero,0,4542,Alucitidae,1,4,0.25,1.0,1.0,1.0,0.4,1.0
torch-tta,zero,0,4554,Batrachedridae,0,4,0.0,1.0,,0,0.0,1.0
torch-tta,zero,0,4705755,Depressariidae,0,31,0.0,1.0,,0,0.0,1.0
torch-tta,zero,0,4864,Bedelliidae,0,95,0.0,1.0,,0,0.0,1.0
torch-tta,zero,0,4865,Blastobasidae,0,11,0.0,1.0,,0,0.0,1.0
torch-tta,zero,0,4867,Bucculatricidae,0,2,0.0,1.0,,0,0.0,1.0
torch-tta,zero,0,4870,Choreutidae,0,8,0.0,1.0,,0,0.0,1.0
torch-tta,zero,0,5320,Douglasiidae,0,1,0.0,1.0,,0,0.0,1.0
torch-tta,zero,0,5336,Pyralidae,365,517,0.6653771760154739,1.0,0.9424657534246575,1.0,0.780045351473923,1.0
torch-tta,zero,0,5338,Roeslerstammiidae,0,1,0.0,1.0,,0,0.0,1.0
torch-tta,zero,0,5340,Sesiidae,0,5,0.0,1.0,,0,0.0,1.0
torch-tta,zero,0,5343,Tortricidae,632,1091,0.5637030247479377,1.0,0.9731012658227848,1.0,0.713871154962275,1.0
torch-tta,zero,0,5345,Ypsolophidae,46,46,0.9130434782608695,1.0,0.9130434782608695,1.0,0.9130434782608695,1.0
torch-tta,zero,0,5474,Limacodidae,475,411,0.9781021897810219,1.0,0.8463157894736842,1.0,0.9074492099322798,1.0
torch-tta,zero,0,5481,Pieridae,0,4,0.0,1.0,,0,0.0,1.0
torch-tta,zero,0,5487,Gracillariidae,0,19,0.0,1.0,,0,0.0,1.0
torch-tta,zero,0,6166,Opostegidae,0,14,0.0,1.0,,0,0.0,1.0
torch-tta,zero,0,6946,Eriocraniidae,0,1,0.0,1.0,,0,0.0,1.0
torch-tta,zero,0,6950,Geometridae,15047,14889,0.9834777352407817,1.0,0.9731507941782415,1.0,0.9782870122928914,1.0
torch-tta,zero,0,6953,Hesperiidae,0,1,0.0,1.0,,0,0.0,1.0
torch-tta,zero,0,6954,Epermeniidae,0,1,0.0,1.0,,0,0.0,1.0
torch-tta,zero,0,7014,Nepticulidae,0,4,0.0,1.0,,0,0.0,1.0
torch-tta,zero,0,7015,Noctuidae,9243,9196,0.9413875598086124,1.0,0.936600670777886,1.0,0.9389880145344109,1.0
torch-tta,zero,0,7016,Notodontidae,3321,3266,0.9611145131659522,1.0,0.9451972297500753,1.0,0.9530894185516927,1.0
torch-tta,zero,0,7017,Nymphalidae,0,10,0.0,1.0,,0,0.0,1.0
torch-tta,zero,0,7294,Drepanidae,1604,1472,0.9823369565217391,1.0,0.9014962593516209,1.0,0.9401820546163849,1.0
torch-tta,zero,0,7297,Elachistidae,0,15,0.0,1.0,,0,0.0,1.0
torch-tta,zero,0,8838,Coleophoridae,0,90,0.0,1.0,,0,0.0,1.0
torch-tta,zero,0,8839,Cosmopterigidae,0,1,0.0,1.0,,0,0.0,1.0
torch-tta,zero,0,8840,Cossidae,0,19,0.0,1.0,,0,0.0,1.0
torch-tta,zero,0,8841,Crambidae,4542,4373,0.9634118454150469,1.0,0.9275649493615148,1.0,0.9451486259113854,1.0
torch-tta,zero,0,8855,Momphidae,0,1,0.0,1.0,,0,0.0,1.0
torch-tta,zero,0,8860,Plutellidae,14,27,0.48148148148148145,1.0,0.9285714285714286,1.0,0.6341463414634145,1.0
torch-tta,zero,0,8861,Psychidae,0,22,0.0,1.0,,0,0.0,1.0
torch-tta,zero,0,8863,Pterophoridae,79,83,0.891566265060241,1.0,0.9367088607594937,1.0,0.9135802469135801,1.0
torch-tta,zero,0,8864,Saturniidae,0,1,0.0,1.0,,0,0.0,1.0
torch-tta,zero,0,8865,Schreckensteiniidae,0,2,0.0,1.0,,0,0.0,1.0
torch-tta,zero,0,8866,Scythrididae,0,6,0.0,1.0,,0,0.0,1.0
torch-tta,zero,0,8868,Sphingidae,1124,1024,0.9912109375,1.0,0.9030249110320284,1.0,0.9450651769087522,1.0
torch-tta,zero,0,8871,Tischeriidae,0,35,0.0,1.0,,0,0.0,1.0
torch-tta,zero,0,8874,Yponomeutidae,13,38,0.15789473684210525,1.0,0.46153846153846156,1.0,0.23529411764705882,1.0
torch-tta,zero,0,9408,Micropterigidae,0,1,0.0,1.0,,0,0.0,1.0
torch-tta,zero,0,9410,Lyonetiidae,0,2,0.0,1.0,,0,0.0,1.0
torch-tta,zero,0,9412,Tineidae,0,84,0.0,1.0,,0,0.0,1.0
torch-tta,zero,0,9689,Oecophoridae,32,48,0.4166666666666667,1.0,0.625,1.0,0.5,1.0
torch-tta,zero,0,9717,Nolidae,191,188,0.9521276595744681,1.0,0.93717277486911,1.0,0.9445910290237466,1.0
torch-tta,optimized,0.964760661125183,3528,Incurvariidae,0,0,1.0,0.0,,0,1.0,0.0
torch-tta,optimized,0.964760661125183,3530,Lasiocampidae,728,433,1.0,1.0,0.5947802197802198,1.0,0.7459086993970714,1.0
torch-tta,optimized,0.964760661125183,3552,Ethmiidae,48,41,1.0,1.0,0.8541666666666666,1.0,0.9213483146067415,1.0
torch-tta,optimized,0.964760661125183,3553,Gelechiidae,2,0,1.0,0.0,0.0,1.0,0.0,1.0
torch-tta,optimized,0.964760661125183,3554,Glyphipterigidae,0,0,1.0,0.0,,0,1.0,0.0
torch-tta,optimized,0.964760661125183,3556,Hepialidae,14,12,1.0,1.0,0.8571428571428571,1.0,0.9230769230769229,1.0
torch-tta,optimized,0.964760661125183,4300664,Autostichidae,0,0,1.0,0.0,,0,1.0,0.0
torch-tta,optimized,0.964760661125183,4300668,Peleopodidae,24,20,0.95,1.0,0.7916666666666666,1.0,0.8636363636363636,1.0
torch-tta,optimized,0.964760661125183,4525436,Praydidae,0,0,1.0,0.0,,0,1.0,0.0
torch-tta,optimized,0.964760661125183,4525465,Argyresthiidae,0,0,1.0,0.0,,0,1.0,0.0
torch-tta,optimized,0.964760661125183,4527533,Stathmopodidae,2,1,1.0,1.0,0.5,1.0,0.6666666666666666,1.0
torch-tta,optimized,0.964760661125183,4528997,Lypusidae,0,0,1.0,0.0,,0,1.0,0.0
torch-tta,optimized,0.964760661125183,4532185,Erebidae,15241,12406,0.9991939384168951,1.0,0.8133324585000984,1.0,0.8967338228379209,1.0
torch-tta,optimized,0.964760661125183,4538,Adelidae,0,0,1.0,0.0,,0,1.0,0.0
torch-tta,optimized,0.964760661125183,4542,Alucitidae,1,1,1.0,1.0,1.0,1.0,1.0,1.0
torch-tta,optimized,0.964760661125183,4554,Batrachedridae,0,0,1.0,0.0,,0,1.0,0.0
torch-tta,optimized,0.964760661125183,4705755,Depressariidae,0,0,1.0,0.0,,0,1.0,0.0
torch-tta,optimized,0.964760661125183,4864,Bedelliidae,0,17,0.0,1.0,,0,0.0,1.0
torch-tta,optimized,0.964760661125183,4865,Blastobasidae,0,0,1.0,0.0,,0,1.0,0.0
torch-tta,optimized,0.964760661125183,4867,Bucculatricidae,0,0,1.0,0.0,,0,1.0,0.0
torch-tta,optimized,0.964760661125183,4870,Choreutidae,0,2,0.0,1.0,,0,0.0,1.0
torch-tta,optimized,0.964760661125183,5320,Douglasiidae,0,0,1.0,0.0,,0,1.0,0.0
torch-tta,optimized,0.964760661125183,5336,Pyralidae,365,295,0.9830508474576272,1.0,0.7945205479452054,1.0,0.8787878787878789,1.0
torch-tta,optimized,0.964760661125183,5338,Roeslerstammiidae,0,0,1.0,0.0,,0,1.0,0.0
torch-tta,optimized,0.964760661125183,5340,Sesiidae,0,0,1.0,0.0,,0,1.0,0.0
torch-tta,optimized,0.964760661125183,5343,Tortricidae,632,501,0.9920159680638723,1.0,0.7863924050632911,1.0,0.8773168578993822,1.0
torch-tta,optimized,0.964760661125183,5345,Ypsolophidae,46,30,1.0,1.0,0.6521739130434783,1.0,0.7894736842105263,1.0
torch-tta,optimized,0.964760661125183,5474,Limacodidae,475,262,1.0,1.0,0.5515789473684211,1.0,0.7109905020352781,1.0
torch-tta,optimized,0.964760661125183,5481,Pieridae,0,0,1.0,0.0,,0,1.0,0.0
torch-tta,optimized,0.964760661125183,5487,Gracillariidae,0,0,1.0,0.0,,0,1.0,0.0
torch-tta,optimized,0.964760661125183,6166,Opostegidae,0,1,0.0,1.0,,0,0.0,1.0
torch-tta,optimized,0.964760661125183,6946,Eriocraniidae,0,0,1.0,0.0,,0,1.0,0.0
torch-tta,optimized,0.964760661125183,6950,Geometridae,15047,12791,0.9991400203267923,1.0,0.8493387386189938,1.0,0.918169408721891,1.0
torch-tta,optimized,0.964760661125183,6953,Hesperiidae,0,0,1.0,0.0,,0,1.0,0.0
torch-tta,optimized,0.964760661125183,6954,Epermeniidae,0,0,1.0,0.0,,0,1.0,0.0
torch-tta,optimized,0.964760661125183,7014,Nepticulidae,0,0,1.0,0.0,,0,1.0,0.0
torch-tta,optimized,0.964760661125183,7015,Noctuidae,9243,6860,0.9988338192419826,1.0,0.7413177539759819,1.0,0.8510215487797305,1.0
torch-tta,optimized,0.964760661125183,7016,Notodontidae,3321,2778,0.9992800575953924,1.0,0.8358928033724782,1.0,0.910313166092802,1.0
torch-tta,optimized,0.964760661125183,7017,Nymphalidae,0,0,1.0,0.0,,0,1.0,0.0
torch-tta,optimized,0.964760661125183,7294,Drepanidae,1604,1211,0.9991742361684558,1.0,0.7543640897755611,1.0,0.8596802841918295,1.0
torch-tta,optimized,0.964760661125183,7297,Elachistidae,0,0,1.0,0.0,,0,1.0,0.0
torch-tta,optimized,0.964760661125183,8838,Coleophoridae,0,1,0.0,1.0,,0,0.0,1.0
torch-tta,optimized,0.964760661125183,8839,Cosmopterigidae,0,0,1.0,0.0,,0,1.0,0.0
torch-tta,optimized,0.964760661125183,8840,Cossidae,0,1,0.0,1.0,,0,0.0,1.0
torch-tta,optimized,0.964760661125183,8841,Crambidae,4542,2776,0.9985590778097982,1.0,0.6103038309114928,1.0,0.757584039355015,1.0
torch-tta,optimized,0.964760661125183,8855,Momphidae,0,0,1.0,0.0,,0,1.0,0.0
torch-tta,optimized,0.964760661125183,8860,Plutellidae,14,13,0.9230769230769231,1.0,0.8571428571428571,1.0,0.8888888888888888,1.0
torch-tta,optimized,0.964760661125183,8861,Psychidae,0,1,0.0,1.0,,0,0.0,1.0
torch-tta,optimized,0.964760661125183,8863,Pterophoridae,79,70,1.0,1.0,0.8860759493670886,1.0,0.9395973154362416,1.0
torch-tta,optimized,0.964760661125183,8864,Saturniidae,0,0,1.0,0.0,,0,1.0,0.0
torch-tta,optimized,0.964760661125183,8865,Schreckensteiniidae,0,0,1.0,0.0,,0,1.0,0.0
torch-tta,optimized,0.964760661125183,8866,Scythrididae,0,0,1.0,0.0,,0,1.0,0.0
torch-tta,optimized,0.964760661125183,8868,Sphingidae,1124,864,1.0,1.0,0.7686832740213523,1.0,0.8692152917505029,1.0
torch-tta,optimized,0.964760661125183,8871,Tischeriidae,0,0,1.0,0.0,,0,1.0,0.0
torch-tta,optimized,0.964760661125183,8874,Yponomeutidae,13,5,0.6,1.0,0.23076923076923078,1.0,0.3333333333333333,1.0
torch-tta,optimized,0.964760661125183,9408,Micropterigidae,0,0,1.0,0.0,,0,1.0,0.0
torch-tta,optimized,0.964760661125183,9410,Lyonetiidae,0,0,1.0,0.0,,0,1.0,0.0
torch-tta,optimized,0.964760661125183,9412,Tineidae,0,1,0.0,1.0,,0,0.0,1.0
torch-tta,optimized,0.964760661125183,9689,Oecophoridae,32,18,1.0,1.0,0.5625,1.0,0.72,1.0
torch-tta,optimized,0.964760661125183,9717,Nolidae,191,155,1.0,1.0,0.8115183246073299,1.0,0.8959537572254335,1.0
torch-tta,common_0.96,0.96,3528,Incurvariidae,0,0,1.0,0.0,,0,1.0,0.0
torch-tta,common_0.96,0.96,3530,Lasiocampidae,728,439,1.0,1.0,0.603021978021978,1.0,0.7523564695801199,1.0
torch-tta,common_0.96,0.96,3552,Ethmiidae,48,41,1.0,1.0,0.8541666666666666,1.0,0.9213483146067415,1.0
torch-tta,common_0.96,0.96,3553,Gelechiidae,2,0,1.0,0.0,0.0,1.0,0.0,1.0
torch-tta,common_0.96,0.96,3554,Glyphipterigidae,0,0,1.0,0.0,,0,1.0,0.0
torch-tta,common_0.96,0.96,3556,Hepialidae,14,12,1.0,1.0,0.8571428571428571,1.0,0.9230769230769229,1.0
torch-tta,common_0.96,0.96,4300664,Autostichidae,0,0,1.0,0.0,,0,1.0,0.0
torch-tta,common_0.96,0.96,4300668,Peleopodidae,24,20,0.95,1.0,0.7916666666666666,1.0,0.8636363636363636,1.0
torch-tta,common_0.96,0.96,4525436,Praydidae,0,0,1.0,0.0,,0,1.0,0.0
torch-tta,common_0.96,0.96,4525465,Argyresthiidae,0,0,1.0,0.0,,0,1.0,0.0
torch-tta,common_0.96,0.96,4527533,Stathmopodidae,2,1,1.0,1.0,0.5,1.0,0.6666666666666666,1.0
torch-tta,common_0.96,0.96,4528997,Lypusidae,0,0,1.0,0.0,,0,1.0,0.0
torch-tta,common_0.96,0.96,4532185,Erebidae,15241,12523,0.9992014692964944,1.0,0.821009120136474,1.0,0.9013830860106613,1.0
torch-tta,common_0.96,0.96,4538,Adelidae,0,0,1.0,0.0,,0,1.0,0.0
torch-tta,common_0.96,0.96,4542,Alucitidae,1,1,1.0,1.0,1.0,1.0,1.0,1.0
torch-tta,common_0.96,0.96,4554,Batrachedridae,0,0,1.0,0.0,,0,1.0,0.0
torch-tta,common_0.96,0.96,4705755,Depressariidae,0,0,1.0,0.0,,0,1.0,0.0
torch-tta,common_0.96,0.96,4864,Bedelliidae,0,17,0.0,1.0,,0,0.0,1.0
torch-tta,common_0.96,0.96,4865,Blastobasidae,0,0,1.0,0.0,,0,1.0,0.0
torch-tta,common_0.96,0.96,4867,Bucculatricidae,0,0,1.0,0.0,,0,1.0,0.0
torch-tta,common_0.96,0.96,4870,Choreutidae,0,2,0.0,1.0,,0,0.0,1.0
torch-tta,common_0.96,0.96,5320,Douglasiidae,0,0,1.0,0.0,,0,1.0,0.0
torch-tta,common_0.96,0.96,5336,Pyralidae,365,296,0.9831081081081081,1.0,0.7972602739726027,1.0,0.8804841149773072,1.0
torch-tta,common_0.96,0.96,5338,Roeslerstammiidae,0,0,1.0,0.0,,0,1.0,0.0
torch-tta,common_0.96,0.96,5340,Sesiidae,0,0,1.0,0.0,,0,1.0,0.0
torch-tta,common_0.96,0.96,5343,Tortricidae,632,506,0.9920948616600791,1.0,0.7943037974683544,1.0,0.882249560632689,1.0
torch-tta,common_0.96,0.96,5345,Ypsolophidae,46,30,1.0,1.0,0.6521739130434783,1.0,0.7894736842105263,1.0
torch-tta,common_0.96,0.96,5474,Limacodidae,475,268,1.0,1.0,0.5642105263157895,1.0,0.721399730820996,1.0
torch-tta,common_0.96,0.96,5481,Pieridae,0,0,1.0,0.0,,0,1.0,0.0
torch-tta,common_0.96,0.96,5487,Gracillariidae,0,0,1.0,0.0,,0,1.0,0.0
torch-tta,common_0.96,0.96,6166,Opostegidae,0,1,0.0,1.0,,0,0.0,1.0
torch-tta,common_0.96,0.96,6946,Eriocraniidae,0,0,1.0,0.0,,0,1.0,0.0
torch-tta,common_0.96,0.96,6950,Geometridae,15047,12884,0.9991462278795405,1.0,0.8555193726324184,1.0,0.9217715083598869,1.0
torch-tta,common_0.96,0.96,6953,Hesperiidae,0,0,1.0,0.0,,0,1.0,0.0
torch-tta,common_0.96,0.96,6954,Epermeniidae,0,0,1.0,0.0,,0,1.0,0.0
torch-tta,common_0.96,0.96,7014,Nepticulidae,0,0,1.0,0.0,,0,1.0,0.0
torch-tta,common_0.96,0.96,7015,Noctuidae,9243,6930,0.9985569985569985,1.0,0.7486746727253056,1.0,0.8557472330427255,1.0
torch-tta,common_0.96,0.96,7016,Notodontidae,3321,2789,0.9992828970957333,1.0,0.8392050587172538,1.0,0.9122749590834697,1.0
torch-tta,common_0.96,0.96,7017,Nymphalidae,0,0,1.0,0.0,,0,1.0,0.0
torch-tta,common_0.96,0.96,7294,Drepanidae,1604,1226,0.9975530179445351,1.0,0.7624688279301746,1.0,0.8643109540636043,1.0
torch-tta,common_0.96,0.96,7297,Elachistidae,0,0,1.0,0.0,,0,1.0,0.0
torch-tta,common_0.96,0.96,8838,Coleophoridae,0,1,0.0,1.0,,0,0.0,1.0
torch-tta,common_0.96,0.96,8839,Cosmopterigidae,0,0,1.0,0.0,,0,1.0,0.0
torch-tta,common_0.96,0.96,8840,Cossidae,0,1,0.0,1.0,,0,0.0,1.0
torch-tta,common_0.96,0.96,8841,Crambidae,4542,2829,0.9975256274301874,1.0,0.6213121972699251,1.0,0.765703432370099,1.0
torch-tta,common_0.96,0.96,8855,Momphidae,0,0,1.0,0.0,,0,1.0,0.0
torch-tta,common_0.96,0.96,8860,Plutellidae,14,13,0.9230769230769231,1.0,0.8571428571428571,1.0,0.8888888888888888,1.0
torch-tta,common_0.96,0.96,8861,Psychidae,0,1,0.0,1.0,,0,0.0,1.0
torch-tta,common_0.96,0.96,8863,Pterophoridae,79,70,1.0,1.0,0.8860759493670886,1.0,0.9395973154362416,1.0
torch-tta,common_0.96,0.96,8864,Saturniidae,0,0,1.0,0.0,,0,1.0,0.0
torch-tta,common_0.96,0.96,8865,Schreckensteiniidae,0,0,1.0,0.0,,0,1.0,0.0
torch-tta,common_0.96,0.96,8866,Scythrididae,0,0,1.0,0.0,,0,1.0,0.0
torch-tta,common_0.96,0.96,8868,Sphingidae,1124,865,1.0,1.0,0.7695729537366548,1.0,0.8697838109602816,1.0
torch-tta,common_0.96,0.96,8871,Tischeriidae,0,0,1.0,0.0,,0,1.0,0.0
torch-tta,common_0.96,0.96,8874,Yponomeutidae,13,5,0.6,1.0,0.23076923076923078,1.0,0.3333333333333333,1.0
torch-tta,common_0.96,0.96,9408,Micropterigidae,0,0,1.0,0.0,,0,1.0,0.0
torch-tta,common_0.96,0.96,9410,Lyonetiidae,0,0,1.0,0.0,,0,1.0,0.0
torch-tta,common_0.96,0.96,9412,Tineidae,0,1,0.0,1.0,,0,0.0,1.0
torch-tta,common_0.96,0.96,9689,Oecophoridae,32,18,1.0,1.0,0.5625,1.0,0.72,1.0
torch-tta,common_0.96,0.96,9717,Nolidae,191,158,1.0,1.0,0.8272251308900523,1.0,0.9054441260744984,1.0
onnx-tta,zero,0,3528,Incurvariidae,0,5,0.0,1.0,,0,0.0,1.0
onnx-tta,zero,0,3530,Lasiocampidae,728,635,0.9590551181102362,1.0,0.8365384615384616,1.0,0.8936170212765957,1.0
onnx-tta,zero,0,3552,Ethmiidae,48,49,0.8571428571428571,1.0,0.875,1.0,0.865979381443299,1.0
onnx-tta,zero,0,3553,Gelechiidae,2,87,0.0,1.0,0.0,1.0,0.0,1.0
onnx-tta,zero,0,3554,Glyphipterigidae,0,3,0.0,1.0,,0,0.0,1.0
onnx-tta,zero,0,3556,Hepialidae,14,35,0.4,1.0,1.0,1.0,0.5714285714285714,1.0
onnx-tta,zero,0,4300664,Autostichidae,0,6,0.0,1.0,,0,0.0,1.0
onnx-tta,zero,0,4300668,Peleopodidae,24,26,0.8461538461538461,1.0,0.9166666666666666,1.0,0.8799999999999999,1.0
onnx-tta,zero,0,4525436,Praydidae,0,3,0.0,1.0,,0,0.0,1.0
onnx-tta,zero,0,4525465,Argyresthiidae,0,1,0.0,1.0,,0,0.0,1.0
onnx-tta,zero,0,4527533,Stathmopodidae,2,2,1.0,1.0,1.0,1.0,1.0,1.0
onnx-tta,zero,0,4528997,Lypusidae,0,3,0.0,1.0,,0,0.0,1.0
onnx-tta,zero,0,4532185,Erebidae,15241,14751,0.9858314690529456,1.0,0.9541368676596024,1.0,0.9697252600693519,1.0
onnx-tta,zero,0,4538,Adelidae,0,23,0.0,1.0,,0,0.0,1.0
onnx-tta,zero,0,4542,Alucitidae,1,4,0.25,1.0,1.0,1.0,0.4,1.0
onnx-tta,zero,0,4554,Batrachedridae,0,4,0.0,1.0,,0,0.0,1.0
onnx-tta,zero,0,4705755,Depressariidae,0,31,0.0,1.0,,0,0.0,1.0
onnx-tta,zero,0,4864,Bedelliidae,0,96,0.0,1.0,,0,0.0,1.0
onnx-tta,zero,0,4865,Blastobasidae,0,11,0.0,1.0,,0,0.0,1.0
onnx-tta,zero,0,4867,Bucculatricidae,0,2,0.0,1.0,,0,0.0,1.0
onnx-tta,zero,0,4870,Choreutidae,0,8,0.0,1.0,,0,0.0,1.0
onnx-tta,zero,0,5320,Douglasiidae,0,1,0.0,1.0,,0,0.0,1.0
onnx-tta,zero,0,5336,Pyralidae,365,517,0.6673114119922631,1.0,0.9452054794520548,1.0,0.782312925170068,1.0
onnx-tta,zero,0,5338,Roeslerstammiidae,0,1,0.0,1.0,,0,0.0,1.0
onnx-tta,zero,0,5340,Sesiidae,0,5,0.0,1.0,,0,0.0,1.0
onnx-tta,zero,0,5343,Tortricidae,632,1087,0.5657773689052438,1.0,0.9731012658227848,1.0,0.7155322862129145,1.0
onnx-tta,zero,0,5345,Ypsolophidae,46,46,0.9130434782608695,1.0,0.9130434782608695,1.0,0.9130434782608695,1.0
onnx-tta,zero,0,5474,Limacodidae,475,411,0.9781021897810219,1.0,0.8463157894736842,1.0,0.9074492099322798,1.0
onnx-tta,zero,0,5481,Pieridae,0,4,0.0,1.0,,0,0.0,1.0
onnx-tta,zero,0,5487,Gracillariidae,0,19,0.0,1.0,,0,0.0,1.0
onnx-tta,zero,0,6166,Opostegidae,0,14,0.0,1.0,,0,0.0,1.0
onnx-tta,zero,0,6946,Eriocraniidae,0,1,0.0,1.0,,0,0.0,1.0
onnx-tta,zero,0,6950,Geometridae,15047,14888,0.9834766254701773,1.0,0.9730843357479896,1.0,0.9782528812426925,1.0
onnx-tta,zero,0,6953,Hesperiidae,0,1,0.0,1.0,,0,0.0,1.0
onnx-tta,zero,0,6954,Epermeniidae,0,1,0.0,1.0,,0,0.0,1.0
onnx-tta,zero,0,7014,Nepticulidae,0,4,0.0,1.0,,0,0.0,1.0
onnx-tta,zero,0,7015,Noctuidae,9243,9198,0.9412915851272016,1.0,0.9367088607594937,1.0,0.9389946315275743,1.0
onnx-tta,zero,0,7016,Notodontidae,3321,3266,0.9614206981016534,1.0,0.9454983438723276,1.0,0.9533930469105814,1.0
onnx-tta,zero,0,7017,Nymphalidae,0,10,0.0,1.0,,0,0.0,1.0
onnx-tta,zero,0,7294,Drepanidae,1604,1471,0.982324949014276,1.0,0.9008728179551122,1.0,0.9398373983739837,1.0
onnx-tta,zero,0,7297,Elachistidae,0,15,0.0,1.0,,0,0.0,1.0
onnx-tta,zero,0,8838,Coleophoridae,0,87,0.0,1.0,,0,0.0,1.0
onnx-tta,zero,0,8839,Cosmopterigidae,0,1,0.0,1.0,,0,0.0,1.0
onnx-tta,zero,0,8840,Cossidae,0,19,0.0,1.0,,0,0.0,1.0
onnx-tta,zero,0,8841,Crambidae,4542,4371,0.9633951040951727,1.0,0.9271246147071774,1.0,0.944911926399641,1.0
onnx-tta,zero,0,8855,Momphidae,0,1,0.0,1.0,,0,0.0,1.0
onnx-tta,zero,0,8860,Plutellidae,14,27,0.48148148148148145,1.0,0.9285714285714286,1.0,0.6341463414634145,1.0
onnx-tta,zero,0,8861,Psychidae,0,22,0.0,1.0,,0,0.0,1.0
onnx-tta,zero,0,8863,Pterophoridae,79,83,0.891566265060241,1.0,0.9367088607594937,1.0,0.9135802469135801,1.0
onnx-tta,zero,0,8864,Saturniidae,0,1,0.0,1.0,,0,0.0,1.0
onnx-tta,zero,0,8865,Schreckensteiniidae,0,2,0.0,1.0,,0,0.0,1.0
onnx-tta,zero,0,8866,Scythrididae,0,6,0.0,1.0,,0,0.0,1.0
onnx-tta,zero,0,8868,Sphingidae,1124,1024,0.9912109375,1.0,0.9030249110320284,1.0,0.9450651769087522,1.0
onnx-tta,zero,0,8871,Tischeriidae,0,36,0.0,1.0,,0,0.0,1.0
onnx-tta,zero,0,8874,Yponomeutidae,13,38,0.15789473684210525,1.0,0.46153846153846156,1.0,0.23529411764705882,1.0
onnx-tta,zero,0,9408,Micropterigidae,0,1,0.0,1.0,,0,0.0,1.0
onnx-tta,zero,0,9410,Lyonetiidae,0,2,0.0,1.0,,0,0.0,1.0
onnx-tta,zero,0,9412,Tineidae,0,85,0.0,1.0,,0,0.0,1.0
onnx-tta,zero,0,9689,Oecophoridae,32,48,0.4166666666666667,1.0,0.625,1.0,0.5,1.0
onnx-tta,zero,0,9717,Nolidae,191,189,0.9470899470899471,1.0,0.93717277486911,1.0,0.9421052631578947,1.0
onnx-tta,optimized,0.966471254825592,3528,Incurvariidae,0,0,1.0,0.0,,0,1.0,0.0
onnx-tta,optimized,0.966471254825592,3530,Lasiocampidae,728,431,1.0,1.0,0.592032967032967,1.0,0.7437446074201899,1.0
onnx-tta,optimized,0.966471254825592,3552,Ethmiidae,48,41,1.0,1.0,0.8541666666666666,1.0,0.9213483146067415,1.0
onnx-tta,optimized,0.966471254825592,3553,Gelechiidae,2,0,1.0,0.0,0.0,1.0,0.0,1.0
onnx-tta,optimized,0.966471254825592,3554,Glyphipterigidae,0,0,1.0,0.0,,0,1.0,0.0
onnx-tta,optimized,0.966471254825592,3556,Hepialidae,14,12,1.0,1.0,0.8571428571428571,1.0,0.9230769230769229,1.0
onnx-tta,optimized,0.966471254825592,4300664,Autostichidae,0,0,1.0,0.0,,0,1.0,0.0
onnx-tta,optimized,0.966471254825592,4300668,Peleopodidae,24,20,0.95,1.0,0.7916666666666666,1.0,0.8636363636363636,1.0
onnx-tta,optimized,0.966471254825592,4525436,Praydidae,0,0,1.0,0.0,,0,1.0,0.0
onnx-tta,optimized,0.966471254825592,4525465,Argyresthiidae,0,0,1.0,0.0,,0,1.0,0.0
onnx-tta,optimized,0.966471254825592,4527533,Stathmopodidae,2,1,1.0,1.0,0.5,1.0,0.6666666666666666,1.0
onnx-tta,optimized,0.966471254825592,4528997,Lypusidae,0,0,1.0,0.0,,0,1.0,0.0
onnx-tta,optimized,0.966471254825592,4532185,Erebidae,15241,12376,0.9991919844861021,1.0,0.8113640837215406,1.0,0.8955353586559004,1.0
onnx-tta,optimized,0.966471254825592,4538,Adelidae,0,0,1.0,0.0,,0,1.0,0.0
onnx-tta,optimized,0.966471254825592,4542,Alucitidae,1,1,1.0,1.0,1.0,1.0,1.0,1.0
onnx-tta,optimized,0.966471254825592,4554,Batrachedridae,0,0,1.0,0.0,,0,1.0,0.0
onnx-tta,optimized,0.966471254825592,4705755,Depressariidae,0,0,1.0,0.0,,0,1.0,0.0
onnx-tta,optimized,0.966471254825592,4864,Bedelliidae,0,16,0.0,1.0,,0,0.0,1.0
onnx-tta,optimized,0.966471254825592,4865,Blastobasidae,0,0,1.0,0.0,,0,1.0,0.0
onnx-tta,optimized,0.966471254825592,4867,Bucculatricidae,0,0,1.0,0.0,,0,1.0,0.0
onnx-tta,optimized,0.966471254825592,4870,Choreutidae,0,2,0.0,1.0,,0,0.0,1.0
onnx-tta,optimized,0.966471254825592,5320,Douglasiidae,0,0,1.0,0.0,,0,1.0,0.0
onnx-tta,optimized,0.966471254825592,5336,Pyralidae,365,294,0.9863945578231292,1.0,0.7945205479452054,1.0,0.8801213960546284,1.0
onnx-tta,optimized,0.966471254825592,5338,Roeslerstammiidae,0,0,1.0,0.0,,0,1.0,0.0
onnx-tta,optimized,0.966471254825592,5340,Sesiidae,0,0,1.0,0.0,,0,1.0,0.0
onnx-tta,optimized,0.966471254825592,5343,Tortricidae,632,499,0.9919839679358717,1.0,0.7832278481012658,1.0,0.8753315649867373,1.0
onnx-tta,optimized,0.966471254825592,5345,Ypsolophidae,46,30,1.0,1.0,0.6521739130434783,1.0,0.7894736842105263,1.0
onnx-tta,optimized,0.966471254825592,5474,Limacodidae,475,259,1.0,1.0,0.5452631578947369,1.0,0.7057220708446866,1.0
onnx-tta,optimized,0.966471254825592,5481,Pieridae,0,0,1.0,0.0,,0,1.0,0.0
onnx-tta,optimized,0.966471254825592,5487,Gracillariidae,0,0,1.0,0.0,,0,1.0,0.0
onnx-tta,optimized,0.966471254825592,6166,Opostegidae,0,1,0.0,1.0,,0,0.0,1.0
onnx-tta,optimized,0.966471254825592,6946,Eriocraniidae,0,0,1.0,0.0,,0,1.0,0.0
onnx-tta,optimized,0.966471254825592,6950,Geometridae,15047,12755,0.9991375931007448,1.0,0.8469462351299263,1.0,0.9167685778001583,1.0
onnx-tta,optimized,0.966471254825592,6953,Hesperiidae,0,0,1.0,0.0,,0,1.0,0.0
onnx-tta,optimized,0.966471254825592,6954,Epermeniidae,0,0,1.0,0.0,,0,1.0,0.0
onnx-tta,optimized,0.966471254825592,7014,Nepticulidae,0,0,1.0,0.0,,0,1.0,0.0
onnx-tta,optimized,0.966471254825592,7015,Noctuidae,9243,6816,0.9988262910798122,1.0,0.7365573947852428,1.0,0.8478734665919422,1.0
onnx-tta,optimized,0.966471254825592,7016,Notodontidae,3321,2775,0.9992792792792793,1.0,0.8349894610057211,1.0,0.9097769028871392,1.0
onnx-tta,optimized,0.966471254825592,7017,Nymphalidae,0,0,1.0,0.0,,0,1.0,0.0
onnx-tta,optimized,0.966471254825592,7294,Drepanidae,1604,1208,0.9991721854304636,1.0,0.7524937655860349,1.0,0.8584637268847795,1.0
onnx-tta,optimized,0.966471254825592,7297,Elachistidae,0,0,1.0,0.0,,0,1.0,0.0
onnx-tta,optimized,0.966471254825592,8838,Coleophoridae,0,1,0.0,1.0,,0,0.0,1.0
onnx-tta,optimized,0.966471254825592,8839,Cosmopterigidae,0,0,1.0,0.0,,0,1.0,0.0
onnx-tta,optimized,0.966471254825592,8840,Cossidae,0,1,0.0,1.0,,0,0.0,1.0
onnx-tta,optimized,0.966471254825592,8841,Crambidae,4542,2758,0.9985496736765772,1.0,0.6063408190224571,1.0,0.7545205479452055,1.0
onnx-tta,optimized,0.966471254825592,8855,Momphidae,0,0,1.0,0.0,,0,1.0,0.0
onnx-tta,optimized,0.966471254825592,8860,Plutellidae,14,13,0.9230769230769231,1.0,0.8571428571428571,1.0,0.8888888888888888,1.0
onnx-tta,optimized,0.966471254825592,8861,Psychidae,0,1,0.0,1.0,,0,0.0,1.0
onnx-tta,optimized,0.966471254825592,8863,Pterophoridae,79,70,1.0,1.0,0.8860759493670886,1.0,0.9395973154362416,1.0
onnx-tta,optimized,0.966471254825592,8864,Saturniidae,0,0,1.0,0.0,,0,1.0,0.0
onnx-tta,optimized,0.966471254825592,8865,Schreckensteiniidae,0,0,1.0,0.0,,0,1.0,0.0
onnx-tta,optimized,0.966471254825592,8866,Scythrididae,0,0,1.0,0.0,,0,1.0,0.0
onnx-tta,optimized,0.966471254825592,8868,Sphingidae,1124,863,1.0,1.0,0.7677935943060499,1.0,0.8686462003019627,1.0
onnx-tta,optimized,0.966471254825592,8871,Tischeriidae,0,0,1.0,0.0,,0,1.0,0.0
onnx-tta,optimized,0.966471254825592,8874,Yponomeutidae,13,5,0.6,1.0,0.23076923076923078,1.0,0.3333333333333333,1.0
onnx-tta,optimized,0.966471254825592,9408,Micropterigidae,0,0,1.0,0.0,,0,1.0,0.0
onnx-tta,optimized,0.966471254825592,9410,Lyonetiidae,0,0,1.0,0.0,,0,1.0,0.0
onnx-tta,optimized,0.966471254825592,9412,Tineidae,0,1,0.0,1.0,,0,0.0,1.0
onnx-tta,optimized,0.966471254825592,9689,Oecophoridae,32,18,1.0,1.0,0.5625,1.0,0.72,1.0
onnx-tta,optimized,0.966471254825592,9717,Nolidae,191,154,1.0,1.0,0.806282722513089,1.0,0.8927536231884057,1.0
onnx-tta,common_0.96,0.96,3528,Incurvariidae,0,0,1.0,0.0,,0,1.0,0.0
onnx-tta,common_0.96,0.96,3530,Lasiocampidae,728,439,1.0,1.0,0.603021978021978,1.0,0.7523564695801199,1.0
onnx-tta,common_0.96,0.96,3552,Ethmiidae,48,41,1.0,1.0,0.8541666666666666,1.0,0.9213483146067415,1.0
onnx-tta,common_0.96,0.96,3553,Gelechiidae,2,0,1.0,0.0,0.0,1.0,0.0,1.0
onnx-tta,common_0.96,0.96,3554,Glyphipterigidae,0,0,1.0,0.0,,0,1.0,0.0
onnx-tta,common_0.96,0.96,3556,Hepialidae,14,12,1.0,1.0,0.8571428571428571,1.0,0.9230769230769229,1.0
onnx-tta,common_0.96,0.96,4300664,Autostichidae,0,0,1.0,0.0,,0,1.0,0.0
onnx-tta,common_0.96,0.96,4300668,Peleopodidae,24,20,0.95,1.0,0.7916666666666666,1.0,0.8636363636363636,1.0
onnx-tta,common_0.96,0.96,4525436,Praydidae,0,0,1.0,0.0,,0,1.0,0.0
onnx-tta,common_0.96,0.96,4525465,Argyresthiidae,0,0,1.0,0.0,,0,1.0,0.0
onnx-tta,common_0.96,0.96,4527533,Stathmopodidae,2,1,1.0,1.0,0.5,1.0,0.6666666666666666,1.0
onnx-tta,common_0.96,0.96,4528997,Lypusidae,0,0,1.0,0.0,,0,1.0,0.0
onnx-tta,common_0.96,0.96,4532185,Erebidae,15241,12528,0.9992017879948915,1.0,0.821337182599567,1.0,0.9015808995642624,1.0
onnx-tta,common_0.96,0.96,4538,Adelidae,0,0,1.0,0.0,,0,1.0,0.0
onnx-tta,common_0.96,0.96,4542,Alucitidae,1,1,1.0,1.0,1.0,1.0,1.0,1.0
onnx-tta,common_0.96,0.96,4554,Batrachedridae,0,0,1.0,0.0,,0,1.0,0.0
onnx-tta,common_0.96,0.96,4705755,Depressariidae,0,0,1.0,0.0,,0,1.0,0.0
onnx-tta,common_0.96,0.96,4864,Bedelliidae,0,17,0.0,1.0,,0,0.0,1.0
onnx-tta,common_0.96,0.96,4865,Blastobasidae,0,0,1.0,0.0,,0,1.0,0.0
onnx-tta,common_0.96,0.96,4867,Bucculatricidae,0,0,1.0,0.0,,0,1.0,0.0
onnx-tta,common_0.96,0.96,4870,Choreutidae,0,2,0.0,1.0,,0,0.0,1.0
onnx-tta,common_0.96,0.96,5320,Douglasiidae,0,0,1.0,0.0,,0,1.0,0.0
onnx-tta,common_0.96,0.96,5336,Pyralidae,365,296,0.9831081081081081,1.0,0.7972602739726027,1.0,0.8804841149773072,1.0
onnx-tta,common_0.96,0.96,5338,Roeslerstammiidae,0,0,1.0,0.0,,0,1.0,0.0
onnx-tta,common_0.96,0.96,5340,Sesiidae,0,0,1.0,0.0,,0,1.0,0.0
onnx-tta,common_0.96,0.96,5343,Tortricidae,632,507,0.9921104536489151,1.0,0.7958860759493671,1.0,0.8832309043020192,1.0
onnx-tta,common_0.96,0.96,5345,Ypsolophidae,46,30,1.0,1.0,0.6521739130434783,1.0,0.7894736842105263,1.0
onnx-tta,common_0.96,0.96,5474,Limacodidae,475,269,1.0,1.0,0.5663157894736842,1.0,0.7231182795698925,1.0
onnx-tta,common_0.96,0.96,5481,Pieridae,0,0,1.0,0.0,,0,1.0,0.0
onnx-tta,common_0.96,0.96,5487,Gracillariidae,0,0,1.0,0.0,,0,1.0,0.0
onnx-tta,common_0.96,0.96,6166,Opostegidae,0,1,0.0,1.0,,0,0.0,1.0
onnx-tta,common_0.96,0.96,6946,Eriocraniidae,0,0,1.0,0.0,,0,1.0,0.0
onnx-tta,common_0.96,0.96,6950,Geometridae,15047,12882,0.9991460953268126,1.0,0.8553864557719146,1.0,0.9216942962512084,1.0
onnx-tta,common_0.96,0.96,6953,Hesperiidae,0,0,1.0,0.0,,0,1.0,0.0
onnx-tta,common_0.96,0.96,6954,Epermeniidae,0,0,1.0,0.0,,0,1.0,0.0
onnx-tta,common_0.96,0.96,7014,Nepticulidae,0,0,1.0,0.0,,0,1.0,0.0
onnx-tta,common_0.96,0.96,7015,Noctuidae,9243,6926,0.9987005486572336,1.0,0.7483501027804825,1.0,0.8555878532995239,1.0
onnx-tta,common_0.96,0.96,7016,Notodontidae,3321,2788,0.9992826398852224,1.0,0.8389039445950015,1.0,0.9120969062039614,1.0
onnx-tta,common_0.96,0.96,7017,Nymphalidae,0,0,1.0,0.0,,0,1.0,0.0
onnx-tta,common_0.96,0.96,7294,Drepanidae,1604,1227,0.9975550122249389,1.0,0.7630922693266833,1.0,0.86471211586012,1.0
onnx-tta,common_0.96,0.96,7297,Elachistidae,0,0,1.0,0.0,,0,1.0,0.0
onnx-tta,common_0.96,0.96,8838,Coleophoridae,0,1,0.0,1.0,,0,0.0,1.0
onnx-tta,common_0.96,0.96,8839,Cosmopterigidae,0,0,1.0,0.0,,0,1.0,0.0
onnx-tta,common_0.96,0.96,8840,Cossidae,0,1,0.0,1.0,,0,0.0,1.0
onnx-tta,common_0.96,0.96,8841,Crambidae,4542,2832,0.9978813559322034,1.0,0.6221928665785997,1.0,0.7664768104149715,1.0
onnx-tta,common_0.96,0.96,8855,Momphidae,0,0,1.0,0.0,,0,1.0,0.0
onnx-tta,common_0.96,0.96,8860,Plutellidae,14,13,0.9230769230769231,1.0,0.8571428571428571,1.0,0.8888888888888888,1.0
onnx-tta,common_0.96,0.96,8861,Psychidae,0,1,0.0,1.0,,0,0.0,1.0
onnx-tta,common_0.96,0.96,8863,Pterophoridae,79,70,1.0,1.0,0.8860759493670886,1.0,0.9395973154362416,1.0
onnx-tta,common_0.96,0.96,8864,Saturniidae,0,0,1.0,0.0,,0,1.0,0.0
onnx-tta,common_0.96,0.96,8865,Schreckensteiniidae,0,0,1.0,0.0,,0,1.0,0.0
onnx-tta,common_0.96,0.96,8866,Scythrididae,0,0,1.0,0.0,,0,1.0,0.0
onnx-tta,common_0.96,0.96,8868,Sphingidae,1124,865,1.0,1.0,0.7695729537366548,1.0,0.8697838109602816,1.0
onnx-tta,common_0.96,0.96,8871,Tischeriidae,0,0,1.0,0.0,,0,1.0,0.0
onnx-tta,common_0.96,0.96,8874,Yponomeutidae,13,5,0.6,1.0,0.23076923076923078,1.0,0.3333333333333333,1.0
onnx-tta,common_0.96,0.96,9408,Micropterigidae,0,0,1.0,0.0,,0,1.0,0.0
onnx-tta,common_0.96,0.96,9410,Lyonetiidae,0,0,1.0,0.0,,0,1.0,0.0
onnx-tta,common_0.96,0.96,9412,Tineidae,0,1,0.0,1.0,,0,0.0,1.0
onnx-tta,common_0.96,0.96,9689,Oecophoridae,32,18,1.0,1.0,0.5625,1.0,0.72,1.0
onnx-tta,common_0.96,0.96,9717,Nolidae,191,158,1.0,1.0,0.8272251308900523,1.0,0.9054441260744984,1.0
