model,scope,rank,threshold,report_images,coverage,full_accuracy,full_precision,full_recall,full_f1,full_micro_accuracy,full_theilU,tail_accuracy,tail_precision,tail_recall,tail_f1,tail_classes,tail_truth_images,tail_accepted_predictions
v2,zero,species,0.0,52788,1.0,0.6856229575537315,0.2795792585422393,0.6856229575537315,0.2619881841444525,0.6871258619383193,0.9268446802176634,0.7950271126103922,0.8372379328631292,0.7950271126103922,0.7878300075502476,308,44643,39243
v2,zero,genus,0.0,52788,1.0,0.7893807671430488,0.3234152967366764,0.7893807671430488,0.32128858585759745,0.792225505796772,0.9293295014713818,0.8206876060779148,0.8201078560326222,0.8206876060779148,0.7941995832133607,242,52567,44953
v2,zero,family,0.0,52788,1.0,0.8435038466784595,0.2610923881260793,0.8435038466784595,0.26968398140672784,0.9454610896415853,0.8669636504107465,0.8700294236802284,0.8073706420034539,0.8700294236802284,0.8237730542270192,20,52783,52241
v2,optimized,species,0.7484260499477386,52788,0.6973175721754944,0.8465208024160925,0.6381169943670084,0.5418132969389368,0.4466755276813756,0.8340124966041836,0.9268446802176634,0.9521428623131191,0.950834091298276,0.6967497218946193,0.7799317319854288,272,42778,31024
v2,optimized,genus,0.8759860098361969,52788,0.6981321512464954,0.9533632911945014,0.784792371905105,0.6176629588211429,0.5868633065886133,0.9258405014517136,0.9293295014713818,0.9754975181801082,0.96822735165948,0.6927141276824689,0.7874852435844386,215,46868,34160
v2,optimized,family,0.9553309082984924,52788,0.7744373721300295,0.9963653352691595,0.841348645086206,0.6466603488658192,0.6545226053114057,0.9986057092536875,0.8669636504107465,0.9957914408379742,0.9859850593239553,0.6876576692748175,0.802095261069409,19,52770,40869
v2,coverage_70,species,0.7434713244438171,52788,0.6999886337804047,0.8482344975724038,0.6389619346119313,0.5468981617462098,0.44937087163076467,0.8329409217612513,0.9268446802176634,0.9525904825539635,0.9530383920489972,0.701565632554905,0.7839107916744207,270,42705,31043
v2,coverage_70,genus,0.8737562894821167,52788,0.6999886337804047,0.9531039745578903,0.7845297024249248,0.6206686411587036,0.5893305682633164,0.9254418013044302,0.9293295014713818,0.9746620588690518,0.9765518838609734,0.7007712382965899,0.7966054093358439,210,46789,34167
v2,coverage_70,family,0.98415607213974,52788,0.6999886337804047,0.9984960251371973,0.9374379812137319,0.5742612899561486,0.6694678519956686,0.9992963654569565,0.8669636504107465,0.9982585554220179,0.9900565035745176,0.6040652862222203,0.7393484528820418,19,52770,36944
v2,coverage_80,species,0.5681188702583313,52788,0.7999924225202698,0.8048570287937525,0.5306305982463984,0.6058964372202109,0.4161430255270702,0.7869287236561686,0.9268446802176634,0.9218031816400422,0.9314233316840236,0.7492859566639438,0.808804322038378,282,43436,34074
v2,coverage_80,genus,0.6667134761810303,52788,0.7999924225202698,0.9313529816901988,0.6375035137033628,0.6996475066439409,0.5320636902859176,0.8951693109164102,0.9293295014713818,0.9495748403153426,0.9434952597958767,0.7611632950298957,0.8249046274137032,220,47497,38066
v2,coverage_80,family,0.9347575902938844,52788,0.7999924225202698,0.9927903326406756,0.7487148238957816,0.670547749394969,0.6204806481364462,0.9979161733364906,0.8669636504107465,0.991651964110256,0.982316582583257,0.7165739962311568,0.820825282633827,19,52770,42212
v2,coverage_90,species,0.3602153062820434,52788,0.8999962112601348,0.7565649535631609,0.42349111509646353,0.6607818075996174,0.365080834230572,0.7413121724304869,0.9268446802176634,0.8722225832302668,0.894765673851891,0.7823544809151759,0.8117772424631506,295,44256,36932
v2,coverage_90,genus,0.4175159633159637,52788,0.8999962112601348,0.8750784339645986,0.4898323702122493,0.7565919852211191,0.44838372230079665,0.851628112568145,0.9293295014713818,0.9040361245609442,0.9005023638621836,0.8030735550598104,0.828518735633285,231,48032,41304
v2,coverage_90,family,0.6952391862869263,52788,0.8999962112601348,0.9701041183589592,0.5096266926670753,0.7859717639076295,0.47323785280021996,0.9889073649203309,0.8669636504107465,0.9653837159945841,0.9451986498604876,0.8218848478072115,0.8736386001087222,19,52770,47443
torch,zero,species,0.0,52788,1.0,0.7135646156794592,0.2688723997356787,0.7135646156794592,0.2592869317361531,0.7077555505039024,0.9292211983468999,0.8203118253354881,0.8392678347823381,0.8203118253354881,0.8100326163861944,308,44643,39953
torch,zero,genus,0.0,52788,1.0,0.8053026558890463,0.3221313136590869,0.8053026558890463,0.32303518958457,0.7939683261347276,0.9278616328176507,0.8383310164872881,0.8166147950822779,0.8383310164872881,0.805657178112806,242,52567,44773
torch,zero,family,0.0,52788,1.0,0.8104767092433202,0.2753352445359579,0.8104767092433202,0.2804941988278224,0.9298325376979617,0.8486962980431905,0.8570482156298184,0.7593390669412071,0.8570482156298184,0.7831492631501339,20,52783,51891
torch,optimized,species,0.8099595010280609,52788,0.7081344244904145,0.8669405316273155,0.7028135267405738,0.5774611074285403,0.5081384528044555,0.8338193199753886,0.9292211983468999,0.963494109771882,0.9626322859838098,0.7171390330256306,0.8016422382706134,272,42778,30977
torch,optimized,genus,0.82109534740448,52788,0.7575395923315905,0.9547996220084877,0.745381822803767,0.678410498949023,0.6019267109931725,0.9077246242716747,0.9278616328176507,0.9730526458225819,0.9696226974149172,0.7475533077376153,0.8310650157210921,215,46868,35966
torch,optimized,family,0.970800906419754,52788,0.7305827081912556,0.9932547854813464,0.74059226732527,0.6535073068400129,0.5807455159791292,0.997951563553389,0.8486962980431905,0.99218975160998,0.9900267939876928,0.7040432580775865,0.816089411195116,19,52770,38530
torch,coverage_70,species,0.8241381645202637,52788,0.6999886337804047,0.86958680967719,0.7167252898445411,0.5705474537929165,0.5122730291185364,0.8354577683959838,0.9292211983468999,0.9672316998030942,0.9647766155724887,0.7128409633763704,0.7993028119491851,270,42705,30647
torch,coverage_70,genus,0.9218662977218628,52788,0.6999886337804047,0.9660439693907655,0.8305261428723821,0.6273798603264148,0.6221364731441472,0.9193255933533598,0.9278616328176507,0.9824288448238584,0.9833895891353926,0.7075405452013525,0.8063455181681898,210,46789,33607
torch,coverage_70,family,0.9825798273086548,52788,0.6999886337804047,0.9952393276120065,0.7964173234185559,0.6300210433137761,0.6078073153329585,0.9984844794457525,0.8486962980431905,0.9944876424981127,0.9914000560860179,0.6756125180195103,0.7948388506661144,19,52770,36926
torch,coverage_80,species,0.6061448454856873,52788,0.7999924225202698,0.8333841588302096,0.5485047799955343,0.6370545006054973,0.445901326225418,0.804735969689794,0.9292211983468999,0.941697838071395,0.9410961417102457,0.7691340926734198,0.8312080391987352,282,43436,34441
torch,coverage_80,genus,0.7092886567115784,52788,0.7999924225202698,0.9392760079927347,0.6547210280772727,0.7133811913319552,0.5584780260317714,0.8955008287946957,0.9278616328176507,0.9649697784339673,0.9547964398255602,0.7703699933851422,0.8399359589724344,220,47497,37907
torch,coverage_80,family,0.9039735794067384,52788,0.7999924225202698,0.9767480012163248,0.6257303180264047,0.7059032105438684,0.5344474480496143,0.9955481884915937,0.8486962980431905,0.9862345277241655,0.9749910954156714,0.7634212953547233,0.8500844942394542,19,52770,42152
torch,coverage_90,species,0.3223742842674255,52788,0.8999962112601348,0.7822620703147596,0.4110337432773394,0.6886066265817404,0.3648914489871293,0.7621503294112695,0.9292211983468999,0.891242198240585,0.898524732525704,0.8065329569944766,0.8353160761309999,295,44256,37604
torch,coverage_90,genus,0.3692984879016876,52788,0.8999962112601348,0.8858347939502168,0.4723629331651541,0.7735925323689193,0.44134032210625124,0.8531015176071902,0.9278616328176507,0.9209837212851842,0.9006552910895744,0.8167651188996207,0.8434500014751452,231,48032,41630
torch,coverage_90,family,0.5828610062599182,52788,0.8999962112601348,0.9151360267321503,0.39997022219300904,0.7680035104129965,0.37744401953419926,0.9795196699572712,0.8486962980431905,0.9543680309530158,0.9164661252394816,0.834546759568769,0.8677728056848387,19,52770,47224
onnx,zero,species,0.0,52788,1.0,0.7133861511997317,0.2689411284200973,0.7133861511997317,0.25936240461341026,0.7078123816018792,0.9291859354966914,0.8208210511198463,0.8393910727128245,0.8208210511198463,0.8102958063278631,308,44643,39968
onnx,zero,genus,0.0,52788,1.0,0.8053599793321786,0.32303901654923844,0.8053599793321786,0.32445203101159487,0.793949382435402,0.9278774326101347,0.8384072898289766,0.8162946927109619,0.8384072898289766,0.8055261341500325,242,52567,44776
onnx,zero,family,0.0,52788,1.0,0.8106325437578626,0.2756918885388057,0.8106325437578626,0.2808879232365721,0.9300409183905433,0.8489407553438706,0.8572274253215421,0.7604089989497506,0.8572274253215421,0.784330436376383,20,52783,51893
onnx,optimized,species,0.8161613345146179,52788,0.7045351216185497,0.8695378035260483,0.7088741319668206,0.5752968296743217,0.5099648536812275,0.8345029711489339,0.9291859354966914,0.9642506092928128,0.9626937682791291,0.7149144701582824,0.8001046982018766,272,42778,30845
onnx,optimized,genus,0.8301631808280945,52788,0.7536561339698417,0.9551874761942367,0.7523387061411551,0.6745698413302063,0.6043210367725153,0.908581339231852,0.9278774326101347,0.9738759173936625,0.9708203215753252,0.7439396812388471,0.8289781701827877,215,46868,35808
onnx,optimized,family,0.9698503911495209,52788,0.7325907403197697,0.9932599551447033,0.7406007419898425,0.6548532928566179,0.5815679236552638,0.9979571783202317,0.8489407553438706,0.9921957375359722,0.9900397290020405,0.7056726095713715,0.817387949631118,19,52770,38636
onnx,coverage_70,species,0.8243970274925232,52788,0.6999886337804047,0.8696078641344749,0.7154987852188989,0.5707796582704833,0.5116109757516245,0.8354036426619036,0.9291859354966914,0.9672641785336684,0.9648328354991503,0.7132879118596801,0.7996140862205406,270,42705,30645
onnx,coverage_70,genus,0.9216671586036682,52788,0.6999886337804047,0.9661254181481168,0.8307688580940611,0.6277109684720645,0.6224978354796963,0.9192444047522395,0.9278774326101347,0.9825450538711241,0.9833893298187405,0.7076905240002949,0.8064963735413154,210,46789,33604
onnx,coverage_70,family,0.982620656490326,52788,0.6999886337804047,0.9952396475419057,0.7964181852175016,0.630096313240106,0.6078714628660602,0.9984844794457525,0.8489407553438706,0.9944880129432593,0.9914012807476776,0.6757036342461201,0.7949333838727902,19,52770,36926
onnx,coverage_80,species,0.6067228317260742,52788,0.7999924225202698,0.8328452370529146,0.5484999836385683,0.6369039477216849,0.44584696550387404,0.804759649538243,0.9291859354966914,0.9418513574630873,0.9410921687024294,0.7693785658461272,0.8313117853878524,282,43436,34446
onnx,coverage_80,genus,0.7099964618682861,52788,0.7999924225202698,0.9392543348174218,0.654560571667988,0.7132182241768983,0.5583048362404305,0.8955245086431447,0.9278774326101347,0.9649382493245952,0.9544211478616387,0.7704551175301809,0.8398638030564497,220,47497,37907
onnx,coverage_80,family,0.9041854739189148,52788,0.7999924225202698,0.9767639732185658,0.6257865447269096,0.7059843462574676,0.5345107480456108,0.9955718683400426,0.8489407553438706,0.9862530216214973,0.9750917116165754,0.7635195122711856,0.8501977679165007,19,52770,42152
onnx,coverage_90,species,0.3231773376464844,52788,0.8999962112601348,0.7807145222813506,0.4112190997898548,0.6889577322256099,0.36507446215024497,0.7621082321244396,0.9291859354966914,0.8914832210371341,0.8988812031034508,0.807154235455831,0.835765327942146,295,44256,37602
onnx,coverage_90,genus,0.3690774440765381,52788,0.8999962112601348,0.8861895291699214,0.47246294916839016,0.7740196989711382,0.4415744427244726,0.8532699067545096,0.9278774326101347,0.9214659032255056,0.9007912188383919,0.8173605632542287,0.8438589052760838,231,48032,41634
onnx,coverage_90,family,0.5826917886734009,52788,0.8999962112601348,0.9151606889053974,0.3990993533111283,0.7680131308693198,0.37693960009408994,0.979603864530931,0.8489407553438706,0.9543965871536181,0.914266035432625,0.8345584053843181,0.8664984828887731,19,52770,47228
torch-tta,zero,species,0.0,52788,1.0,0.7405864004487995,0.3117281910150932,0.7405864004487995,0.30013980437546733,0.7321360915359552,0.9416287278244636,0.8480295198511346,0.8592040363096476,0.8480295198511346,0.8369055759103206,308,44643,40958
torch-tta,zero,genus,0.0,52788,1.0,0.8312879946116835,0.3578921081808225,0.8312879946116835,0.3600905137263133,0.8163029476396151,0.9429697597956094,0.8642419820735022,0.8426871013681415,0.8642419820735022,0.8341657275204103,242,52567,45474
torch-tta,zero,family,0.0,52788,1.0,0.8579010503993526,0.2856847483669441,0.8579010503993526,0.2970441402135782,0.9478669394559369,0.8802152497213216,0.8865862079592552,0.7945542451008321,0.8865862079592552,0.8211324206407348,20,52783,52160
torch-tta,optimized,species,0.7392672300338745,52788,0.7831893612184587,0.8659206758370823,0.6694908268387498,0.639254202340642,0.5238581475082266,0.8257020535519919,0.9416287278244636,0.9585814667783285,0.9585731812083509,0.7743974002343408,0.8413487263251,272,42778,33853
torch-tta,optimized,genus,0.869922012090683,52788,0.7772978707281958,0.9627590640417357,0.8166841617561862,0.7031449724257084,0.6655108425187299,0.9116055761356989,0.9429697597956094,0.9771086466542604,0.9775547270341164,0.767268013502815,0.8477428518527236,215,46868,36949
torch-tta,optimized,family,0.964760661125183,52788,0.7874327498673941,0.9955823574240963,0.7393905133847496,0.700159197162577,0.6072565582310141,0.998243799167609,0.8802152497213216,0.9948848349121117,0.9917013099030386,0.7564680159984232,0.8535629866805485,19,52770,41536
torch-tta,coverage_70,species,0.8902084827423096,52788,0.6999886337804047,0.8906144707778789,0.7981732822929044,0.5796377324768266,0.5609290214340181,0.8444697031203485,0.9416287278244636,0.9733088758873599,0.9705609441193396,0.7175113900443769,0.8041322816170898,270,42705,30831
torch-tta,coverage_70,genus,0.9606042504310608,52788,0.6999886337804047,0.9753286103689284,0.8964480054302681,0.6333947441461268,0.6669758159190942,0.9231414576060187,0.9429697597956094,0.9855571610067058,0.9869624081036315,0.7108155553452893,0.8092113545878005,210,46789,33743
torch-tta,coverage_70,family,0.9924046397209167,52788,0.6999886337804047,0.9955883069989272,0.8894957303016392,0.6322405391393889,0.68215984063641,0.9989174853183946,0.8802152497213216,0.9948917238934942,0.9919946066968074,0.6782992761241996,0.7974755385050802,19,52770,36933
torch-tta,coverage_80,species,0.6967090368270874,52788,0.7999924225202698,0.8608792923180646,0.6433940716376311,0.649735408471136,0.5139660613219256,0.821193464361828,0.9416287278244636,0.9554226848332942,0.9554094003741878,0.7845211799685287,0.8473164347855004,282,43436,34887
torch-tta,coverage_80,genus,0.818070650100708,52788,0.7999924225202698,0.9575457407732273,0.7633603696735349,0.7240369843261408,0.6403702471656528,0.907056594837793,0.9429697597956094,0.974270531476802,0.9716244705685136,0.7802435176207189,0.8534011844503622,220,47497,38196
torch-tta,coverage_80,family,0.9556875824928284,52788,0.7999924225202698,0.980043657507525,0.7392855318346994,0.7065130086457477,0.6105337132313392,0.9979872128818376,0.8802152497213216,0.9900505507981868,0.9915410749055935,0.7641594720043668,0.8587374419442199,19,52770,42196
torch-tta,coverage_90,species,0.4103786051273346,52788,0.8999962112601348,0.8145174796850042,0.4925946020576832,0.7092768556597198,0.43138462249532483,0.783914626702309,0.9416287278244636,0.9175215805336097,0.9199110408254955,0.8271822185719119,0.8577180591837419,295,44256,38345
torch-tta,coverage_90,genus,0.4679165780544281,52788,0.8999962112601348,0.9206265600944382,0.5628702690668548,0.7929657144502366,0.5213308664991891,0.8721294912542886,0.9429697597956094,0.9452283281513972,0.9293840070922701,0.8394534910703915,0.8708704993487821,231,48032,42116
torch-tta,coverage_90,family,0.7022547125816345,52788,0.8999962112601348,0.9519711626779341,0.4890308893157449,0.7839285171996123,0.4572527582331337,0.9901702835252268,0.8802152497213216,0.9707034515218184,0.9500140243129231,0.8497758163671418,0.8936445866068157,19,52770,47370
onnx-tta,zero,species,0.0,52788,1.0,0.7408884646998294,0.3129592874854792,0.7408884646998294,0.30114949302373306,0.7322118663332575,0.9416043541781303,0.8482708971423827,0.859125120067078,0.8482708971423827,0.8368704802655687,308,44643,40964
onnx-tta,zero,genus,0.0,52788,1.0,0.831310673030869,0.35819829298724193,0.831310673030869,0.3604852264440997,0.8163029476396151,0.9429777628243508,0.8642721574907657,0.8423837204350251,0.8642721574907657,0.8339715279038667,242,52567,45478
onnx-tta,zero,family,0.0,52788,1.0,0.8580571051602935,0.2856706122641368,0.8580571051602935,0.2970778194056521,0.9479237705539137,0.8802934722288728,0.8867656709343373,0.7945118367924103,0.8867656709343373,0.821233458216956,20,52783,52160
onnx-tta,optimized,species,0.8280269503593445,52788,0.7404902629385466,0.8755166405852203,0.7362820959348587,0.6075669492667327,0.5430735533140522,0.8355803422957866,0.9416043541781303,0.9650388599694326,0.9639006969879437,0.7443741514376615,0.8223569195026883,272,42778,32341
onnx-tta,optimized,genus,0.8708856105804443,52788,0.7768621656437069,0.9629823236784678,0.8168891977985718,0.703150166196618,0.6655370235633972,0.911799848813675,0.9429777628243508,0.9774284415058453,0.9775831973986752,0.7672866592834245,0.8477266855996487,215,46868,36936
onnx-tta,optimized,family,0.966471254825592,52788,0.7846859134651815,0.9955854528269081,0.7395038777892725,0.6986717712105687,0.6065093177805807,0.998285935010381,0.8802934722288728,0.9948884190627355,0.9918743397836266,0.754667447740729,0.852383133337759,19,52770,41392
onnx-tta,coverage_70,species,0.8901577591896057,52788,0.6999886337804047,0.8906299010400511,0.7966276731934266,0.5796284078643174,0.5599772016156898,0.8443073259181078,0.9416043541781303,0.9732493733693959,0.9705461373032799,0.7174933624601928,0.8041016918766225,270,42705,30827
onnx-tta,coverage_70,genus,0.9606157541275024,52788,0.6999886337804047,0.9754350362986757,0.8965238930921287,0.6335466562733132,0.6671841623210293,0.9231414576060187,0.9429777628243508,0.9857081844689186,0.9870787691851511,0.7107978607072257,0.809253042786544,210,46789,33740
onnx-tta,coverage_70,family,0.9924092292785645,52788,0.6999886337804047,0.9955876317644935,0.8894957438238706,0.6319719604359404,0.6819831887822367,0.9989174853183946,0.8802934722288728,0.9948909420430975,0.9919946237775208,0.6779741545358146,0.797243101854852,19,52770,36933
onnx-tta,coverage_80,species,0.6970725059509277,52788,0.7999924225202698,0.8605050796504391,0.6425824308630953,0.6502626044247952,0.5141028667288083,0.8211697845133791,0.9416043541781303,0.95544016618753,0.9552347846466682,0.7851829659454762,0.8475942364745017,282,43436,34886
onnx-tta,coverage_80,genus,0.8184317350387573,52788,0.7999924225202698,0.957481163977273,0.7612239102518993,0.7238724141381434,0.6402488255798201,0.9069145157470992,0.9429777628243508,0.9741774842920884,0.9714040423387499,0.7799920264882948,0.8531731226964174,220,47497,38190
onnx-tta,coverage_80,family,0.9559080004692078,52788,0.7999924225202698,0.9800427091207768,0.7392855395634923,0.7064178836065658,0.6104810675107896,0.9979872128818376,0.8802934722288728,0.9900494526661626,0.9915410867021727,0.7640443206411466,0.8586543171222992,19,52770,42196
onnx-tta,coverage_90,species,0.4094218313694,52788,0.8999962112601348,0.8145125280066268,0.49342728859876867,0.7093314621998333,0.4322191163505195,0.7838935780588941,0.9416043541781303,0.9179067496797524,0.9195647545876909,0.8271376014440223,0.8573977653891341,295,44256,38344
onnx-tta,coverage_90,genus,0.4677167236804962,52788,0.8999962112601348,0.9189803824252353,0.5617081860676382,0.7928671954824282,0.5202478106264234,0.8720452966806289,0.9429777628243508,0.945175513586682,0.9293802024440366,0.8393151839568592,0.870823331898205,231,48032,42114
onnx-tta,coverage_90,family,0.701670229434967,52788,0.8999962112601348,0.9520347449957101,0.4890652942611772,0.7838848111299506,0.4572588673034217,0.9902123808120566,0.8802934722288728,0.9707770731529273,0.9500882665635927,0.8497229090196569,0.8936577693374371,19,52770,47370
torch:rotation30_pad15_3,zero,species,0.0,52788,1.0,0.7513310721181966,0.33541184570095794,0.7513310721181966,0.3207141524325515,0.7501515495946048,0.9506821380005821,0.8681389941924458,0.8803148570115105,0.8681389941924458,0.8587890346597373,308,44643,41699
torch:rotation30_pad15_3,zero,genus,0.0,52788,1.0,0.8514761457282455,0.3869580883721579,0.8514761457282455,0.3880631831613022,0.8322156550731227,0.9530656934912801,0.8816751995436959,0.862662277317664,0.8816751995436959,0.8542468147491235,242,52567,45979
torch:rotation30_pad15_3,zero,family,0.0,52788,1.0,0.8625346236914426,0.33597390634364505,0.8625346236914426,0.34855638987709453,0.9608244297946503,0.904888479697919,0.8919148172451592,0.8153308518106595,0.8919148172451592,0.8403410998409673,20,52783,52370
torch:rotation30_pad15_3,optimized,species,0.7703565061092377,52788,0.8067363794801848,0.8643190221276298,0.7142382786297836,0.6585389181056288,0.5614510327382695,0.8301084863570187,0.9506821380005821,0.9633823854628971,0.9620682860611799,0.7992089334141771,0.8594740388924278,272,42778,34929
torch:rotation30_pad15_3,optimized,genus,0.797132283449173,52788,0.8429188451920892,0.9624906870799902,0.7650612786044926,0.7634804910051127,0.66391037346047,0.9039014742898238,0.9530656934912801,0.9754344482950037,0.9752199938369727,0.8251593289180623,0.8840371546219599,215,46868,39740
torch:rotation30_pad15_3,optimized,family,0.9761196076869965,52788,0.8184435856634084,0.989187457175979,0.8090769758102975,0.7304671232556951,0.6688685629268447,0.998750115730025,0.904888479697919,0.9874802135721861,0.9918462287830544,0.7931565581111449,0.8782448997518413,19,52770,43191
torch:rotation30_pad15_3,coverage_70,species,0.93315851688385,52788,0.6999886337804047,0.8991772347974494,0.8456689437195946,0.5806579657362848,0.5804015634850642,0.8519931801575059,0.9506821380005821,0.9776436854882747,0.9755378203406662,0.722004661286145,0.8087591090852428,270,42705,31010
torch:rotation30_pad15_3,coverage_70,genus,0.9804478883743286,52788,0.6999886337804047,0.9765122298670562,0.9212082467863876,0.6323255412674224,0.6760711493673188,0.9276880192687613,0.9530656934912801,0.9868260875650243,0.9869714825698337,0.7128497701246634,0.8100365271492445,210,46789,33975
torch:rotation30_pad15_3,coverage_70,family,0.9972013235092164,52788,0.6999886337804047,0.9940919372828998,0.9105909518507277,0.6474373549878735,0.695180588011688,0.9994858055262374,0.904888479697919,0.9931590852749367,0.9923254128640772,0.6966954216249965,0.8129569140504668,19,52770,36945
torch:rotation30_pad15_3,coverage_80,species,0.7864558100700378,52788,0.7999924225202698,0.8681525695853197,0.7256230124848712,0.6516322902727562,0.5638804990406792,0.8320625147999052,0.9506821380005821,0.964118819588285,0.9638007386543088,0.7943988204601052,0.857186007121519,282,43436,35175
torch:rotation30_pad15_3,coverage_80,genus,0.8991661667823792,52788,0.7999924225202698,0.9690887320773804,0.8392267277587339,0.7280547849656653,0.6932378251822574,0.9128107980108927,0.9530656934912801,0.9788034405604307,0.9793962322786787,0.7879772281995084,0.8606213313448622,220,47497,38462
torch:rotation30_pad15_3,coverage_80,family,0.9839562773704528,52788,0.7999924225202698,0.9893177583735553,0.8092924516803065,0.715811313718187,0.6613289841826895,0.9990054463651432,0.904888479697919,0.9876310886430639,0.9921524313351724,0.7754153149867931,0.8671339416025601,19,52770,42219
torch:rotation30_pad15_3,coverage_90,species,0.4981422424316406,52788,0.8999962112601348,0.8275277881335519,0.5698267633908097,0.7148264203986453,0.49048063270161796,0.8008798332947441,0.9506821380005821,0.9332526939814978,0.939363112800583,0.8425608778485374,0.8754335683136774,295,44256,38822
torch:rotation30_pad15_3,coverage_90,genus,0.5704049468040466,52788,0.8999962112601348,0.9323397607229976,0.6453578889070587,0.8030574959232933,0.5914681212088754,0.8852848933886212,0.9530656934912801,0.9539446830499735,0.9493471909350284,0.8504964110432653,0.8858621014410463,231,48032,42567
torch:rotation30_pad15_3,coverage_90,family,0.8255183696746826,52788,0.8999962112601348,0.9662851300685152,0.6620438247654835,0.8161730537339364,0.6181949611573065,0.9956218821696942,0.904888479697919,0.9806985716582809,0.9658983715348495,0.8624928869086922,0.9082064719768487,19,52770,47456
torch:rotation30_pad25_3,zero,species,0.0,52788,1.0,0.7493898333756177,0.3361085016262147,0.7493898333756177,0.3201483357303684,0.7508714101689778,0.9512236692214211,0.8695966338189322,0.8832470040020461,0.8695966338189322,0.8611832508395522,308,44643,41703
torch:rotation30_pad25_3,zero,genus,0.0,52788,1.0,0.8472767012256567,0.3871858468468912,0.8472767012256567,0.38731172619778687,0.8324808668636812,0.9537143645936615,0.8812527981807469,0.8646719138069031,0.8812527981807469,0.855181947419072,242,52567,45974
torch:rotation30_pad25_3,zero,family,0.0,52788,1.0,0.86366836103727,0.3473357735776554,0.86366836103727,0.35919021330288153,0.9622830946427219,0.9062358679592668,0.8932186151928605,0.8280730113019039,0.8932186151928605,0.8505612212541583,20,52783,52402
torch:rotation30_pad25_3,optimized,species,0.7562050521373749,52788,0.8116049102068652,0.8633843418309688,0.7190416496691577,0.6588299780195079,0.566106644915547,0.8300772588287468,0.9512236692214211,0.963817038901828,0.961489880265137,0.8035377762915177,0.8618349502484031,272,42778,35185
torch:rotation30_pad25_3,optimized,genus,0.7952321171760559,52788,0.8432030006819732,0.95774560113418,0.7891877764219916,0.7626880651777854,0.6776129515770067,0.9032149356338882,0.9537143645936615,0.9754640055183043,0.9744657384691411,0.8284961369731623,0.8857838500606222,215,46868,39827
torch:rotation30_pad25_3,optimized,family,0.9765909910202026,52788,0.8209441539743881,0.9892254689058468,0.8402573230856973,0.7546408071160894,0.7073928412638566,0.9988231493446557,0.9062358679592668,0.9875242271541385,0.9919310736962174,0.7961036491000434,0.8802424586381118,19,52770,43325
torch:rotation30_pad25_3,coverage_70,species,0.9330438375473022,52788,0.6999886337804047,0.8958773246343307,0.8488359655175162,0.575642556980122,0.5778389555534205,0.8523720602960677,0.9512236692214211,0.977274427695301,0.9759679510257172,0.7245807100491324,0.810278348194081,270,42705,31144
torch:rotation30_pad25_3,coverage_70,genus,0.9808310866355896,52788,0.6999886337804047,0.9766589295185959,0.9346999594698736,0.6367137848251249,0.68706311679764,0.928012773673243,0.9537143645936615,0.9871863309136562,0.9865580047875915,0.7144975277360381,0.8109127926788642,210,46789,34055
torch:rotation30_pad25_3,coverage_70,family,0.9974275231361388,52788,0.6999886337804047,0.9934599375766446,0.9498878737701825,0.6454812993243774,0.7241944754879999,0.9994858055262374,0.9062358679592668,0.992427296141378,0.9919695314060105,0.6902789817732341,0.8073158286865963,19,52770,36945
torch:rotation30_pad25_3,coverage_80,species,0.7825590372085571,52788,0.7999924225202698,0.8685831581947409,0.7408341935752873,0.6520466646970331,0.5728841408568456,0.8331754676770069,0.9512236692214211,0.9653788722710366,0.9636915943413662,0.7956290746750607,0.8575515862096464,282,43436,35239
torch:rotation30_pad25_3,coverage_80,genus,0.9008587002754213,52788,0.7999924225202698,0.9684925893463145,0.8495310596183734,0.7285668935695543,0.6990184834220075,0.9127397584655458,0.9537143645936615,0.9788881421171708,0.9794636846683936,0.7901320143472512,0.8618171291762662,220,47497,38506
torch:rotation30_pad25_3,coverage_80,family,0.9850324392318726,52788,0.7999924225202698,0.989354070043887,0.9107072776433661,0.7405947769417649,0.7559779769818279,0.9991001657589391,0.9062358679592668,0.9876731337350272,0.9924723507074099,0.7791005599416505,0.8697078644497735,19,52770,42222
torch:rotation30_pad25_3,coverage_90,species,0.5055776238441467,52788,0.8999962112601348,0.8259918976166272,0.5745198109152063,0.713123054577747,0.492042775668204,0.8011534656591383,0.9512236692214211,0.9350519930314937,0.9387344030835514,0.8431093052722285,0.8753944002330876,295,44256,38826
torch:rotation30_pad25_3,coverage_90,genus,0.5816248059272766,52788,0.8999962112601348,0.9275599703862233,0.6663984622722228,0.8037295174574243,0.6076394789666649,0.885305942032036,0.9537143645936615,0.9576218533224137,0.9504064753538914,0.8531971719555743,0.8879077068258153,231,48032,42580
torch:rotation30_pad25_3,coverage_90,family,0.8369399309158325,52788,0.8999962112601348,0.9632627273411767,0.6557361064788253,0.8187844116433781,0.6053891583355393,0.9960849523248226,0.9062358679592668,0.9771989474476782,0.981015342831644,0.8656540043780165,0.9169624562903813,19,52770,47470
torch:wide_rotation_mixed_padding_5,zero,species,0.0,52788,1.0,0.7552353473768904,0.33652687002568266,0.7552353473768904,0.32157178232724193,0.753731908767144,0.9525401112314309,0.8715579516601252,0.883662054978781,0.8715579516601252,0.8628306472516105,308,44643,41807
torch:wide_rotation_mixed_padding_5,zero,genus,0.0,52788,1.0,0.8526658727375439,0.3940356914835521,0.8526658727375439,0.3957580012454397,0.8360043949382435,0.9550597834064932,0.8853243404403656,0.8667563365049132,0.8853243404403656,0.8585900247512551,242,52567,46080
torch:wide_rotation_mixed_padding_5,zero,family,0.0,52788,1.0,0.8682120684665646,0.34808262594697054,0.8682120684665646,0.3600973207633851,0.9631734485110253,0.9086734404521702,0.8984438787365493,0.8300148274621234,0.8984438787365493,0.8529197006514678,20,52783,52398
torch:wide_rotation_mixed_padding_5,optimized,species,0.7889324426651001,52788,0.8034212320982042,0.8703941893724045,0.7403659908254208,0.6565552978086161,0.57525880404229,0.8329914408997666,0.9525401112314309,0.9641487530176069,0.9614697038990926,0.7971390965681312,0.8576154488683261,272,42778,34859
torch:wide_rotation_mixed_padding_5,optimized,genus,0.810388594865799,52788,0.8446048344320679,0.9607022983572389,0.7909544340740902,0.7604445669279044,0.6825116641787987,0.9049456095099249,0.9550597834064932,0.975113981160547,0.9740507775184749,0.8280259319833198,0.8854528533073914,215,46868,39833
torch:wide_rotation_mixed_padding_5,optimized,family,0.9926556646823883,52788,0.7671629915889975,0.9945725610665762,0.8742831111794982,0.6934443095310503,0.6990191600388408,0.9993332839469591,0.9086734404521702,0.9937155970244568,0.9924777778677608,0.7483394678128908,0.8490963944391154,19,52770,40489
torch:wide_rotation_mixed_padding_5,coverage_70,species,0.9378145933151244,52788,0.6999886337804047,0.8981579179311403,0.8482357262407203,0.5783557942848305,0.5797706028761002,0.8516413628859841,0.9525401112314309,0.9779798176414025,0.9763347531347621,0.7251636762866198,0.8110997447784023,270,42705,31006
torch:wide_rotation_mixed_padding_5,coverage_70,genus,0.9829131960868835,52788,0.6999886337804047,0.9772508883665877,0.9332838510987757,0.6363193807367752,0.6865936749446687,0.9270385104597981,0.9550597834064932,0.9877629577875913,0.9879968037128767,0.7139534005861962,0.8109341992830557,210,46789,33950
torch:wide_rotation_mixed_padding_5,coverage_70,family,0.9976515173912048,52788,0.6999886337804047,0.9941883574173919,0.9104544472981865,0.649008190569088,0.6981880604454596,0.9995128683932776,0.9086734404521702,0.9932707296411906,0.9921529860608669,0.6945483764378839,0.8112123602352538,19,52770,36944
torch:wide_rotation_mixed_padding_5,coverage_80,species,0.7969815731048584,52788,0.7999924225202698,0.8703860488155565,0.7478527799932727,0.6541611168700917,0.5769583914374429,0.8337437840397821,0.9525401112314309,0.9642272032183972,0.9621322595440107,0.7940774494750392,0.8559202478885654,282,43436,35208
torch:wide_rotation_mixed_padding_5,coverage_80,genus,0.909421443939209,52788,0.7999924225202698,0.9702370068158972,0.8641071843621503,0.7311401849680091,0.7126052675987479,0.9137106322519536,0.9550597834064932,0.9798380770766145,0.9813582892523279,0.7881178200935575,0.8613988006364001,220,47497,38452
torch:wide_rotation_mixed_padding_5,coverage_80,family,0.9860424399375916,52788,0.7999924225202698,0.9895760191358332,0.8401325897859828,0.7351839613471405,0.6968757347312367,0.9990764859104901,0.9086734404521702,0.9879301274204382,0.9917603860229236,0.7725506252744735,0.8652970967233362,19,52770,42219
torch:wide_rotation_mixed_padding_5,coverage_90,species,0.513369619846344,52788,0.8999962112601348,0.8297329234230693,0.5765988016597196,0.7158386940830017,0.4952952124369994,0.8030057462796523,0.9525401112314309,0.934962103106059,0.9381498118770788,0.8439005661627716,0.8761809466681394,295,44256,38932
torch:wide_rotation_mixed_padding_5,coverage_90,genus,0.5913177728652954,52788,0.8999962112601348,0.9371673280837497,0.6672605314057598,0.8028247469715531,0.6092459823242529,0.8878317792418279,0.9550597834064932,0.9564080257719563,0.9529007912283691,0.8523142992788373,0.8890123517529243,231,48032,42643
torch:wide_rotation_mixed_padding_5,coverage_90,family,0.8463716506958008,52788,0.8999962112601348,0.9685322979359694,0.6394863690228767,0.8178052140525619,0.5946226332779055,0.996295438758972,0.9086734404521702,0.9786013073845059,0.9791079040923648,0.8644686599259757,0.9158065618920347,19,52770,47467
onnx:rotation30_pad15_3,zero,species,0.0,52788,1.0,0.7513525957454966,0.3357177251908713,0.7513525957454966,0.32100616569668566,0.7501704932939305,0.9506293360700655,0.8681754725478049,0.8800706763295238,0.8681754725478049,0.8586965864033043,308,44643,41703
onnx:rotation30_pad15_3,zero,genus,0.0,52788,1.0,0.8515498392515479,0.3869534389691655,0.8515498392515479,0.3880775533670641,0.8322724861710995,0.9530907894039403,0.8817732545623048,0.8625063923843291,0.8817732545623048,0.8541158274741251,242,52567,45983
onnx:rotation30_pad15_3,zero,family,0.0,52788,1.0,0.8624898678796847,0.3360275595138312,0.8624898678796847,0.3485676456240567,0.9608812608926272,0.904985777478236,0.8918633480616375,0.8154730327116526,0.8918633480616375,0.840370927570417,20,52783,52372
onnx:rotation30_pad15_3,optimized,species,0.770552396774292,52788,0.8067174357808593,0.864259698288895,0.7129414582230171,0.6581485418241365,0.5603296083270611,0.82996360220735,0.9506293360700655,0.9632906010281114,0.9619290738861205,0.7985746451092541,0.8589686091730018,272,42778,34924
onnx:rotation30_pad15_3,optimized,genus,0.7823580801486969,52788,0.8480336440100023,0.9602256286013219,0.7545606744376422,0.7659093737952452,0.6569306030813745,0.902649332082384,0.9530907894039403,0.9746103739038117,0.9741038410766583,0.8283883340772565,0.885697418184335,215,46868,39933
onnx:rotation30_pad15_3,optimized,family,0.9773475527763367,52788,0.8160566795483822,0.9891968996008379,0.8090777567603441,0.7291856145583755,0.6682212708489148,0.9988161010260458,0.904985777478236,0.9874911469062333,0.9918473385541731,0.7916052581091266,0.8772909956369972,19,52770,43066
onnx:rotation30_pad15_3,coverage_70,species,0.9332101345062256,52788,0.6999886337804047,0.8993042897125594,0.8457863797403911,0.580673410297893,0.5804525856869176,0.8519661172904658,0.9506293360700655,0.9778664722783771,0.9755371093676788,0.7220718478185935,0.8088370437219299,270,42705,31014
onnx:rotation30_pad15_3,coverage_70,genus,0.9805076718330384,52788,0.6999886337804047,0.9765118678772962,0.9212369149917536,0.6322483811758616,0.6760309577391611,0.9276609564017212,0.9530907894039403,0.9868259053778615,0.9870146798561634,0.7130376570404691,0.810235529476725,210,46789,33976
onnx:rotation30_pad15_3,coverage_70,family,0.9972158670425416,52788,0.6999886337804047,0.9940916257004148,0.9104815309041331,0.6457444404845172,0.6942029367124118,0.9994858055262374,0.904985777478236,0.9931587244952169,0.9921871969315368,0.6946461040683022,0.8116705307619455,19,52770,36945
onnx:rotation30_pad15_3,coverage_80,species,0.7865936160087585,52788,0.7999924225202698,0.8690130364323082,0.724230514194755,0.6526380166096016,0.5635018832857759,0.8319441155576605,0.9506293360700655,0.9638203303886238,0.9635345560148336,0.7944708639020808,0.8571265688892376,282,43436,35170
onnx:rotation30_pad15_3,coverage_80,genus,0.8993590474128723,52788,0.7999924225202698,0.9690858326600882,0.8392258546323281,0.7280490051317001,0.693231705845092,0.9128344778593417,0.9530907894039403,0.9787994209137294,0.9793948511514551,0.7879687686243412,0.8606111788082011,220,47497,38463
onnx:rotation30_pad15_3,coverage_80,family,0.98397696018219,52788,0.7999924225202698,0.9893179755256315,0.8092930222080731,0.7157724451265104,0.6613159259846374,0.9990054463651432,0.904985777478236,0.9876313400823101,0.9921532420851567,0.775368263533711,0.8671146979422726,19,52770,42219
onnx:rotation30_pad15_3,coverage_90,species,0.4986054003238678,52788,0.8999962112601348,0.824975364170027,0.5675215824090611,0.7147823674053605,0.4885422007895161,0.8008377360079143,0.9506293360700655,0.9328288030848192,0.9394816322721306,0.8424987667797293,0.8753591320112727,295,44256,38821
onnx:rotation30_pad15_3,coverage_90,genus,0.5710593461990356,52788,0.8999962112601348,0.9323193587651343,0.6453036088704217,0.8029731865161972,0.5914080450287946,0.8852217474583763,0.9530907894039403,0.9539171260637532,0.9492454452386484,0.8503788888394346,0.8857468904117138,231,48032,42566
onnx:rotation30_pad15_3,coverage_90,family,0.8259501457214355,52788,0.8999962112601348,0.9662856355824953,0.6620438236169384,0.8162293842273993,0.6182197789183784,0.9956218821696942,0.904985777478236,0.9806991569902577,0.9658983696004576,0.8625610764534104,0.9082482703112855,19,52770,47456
onnx:rotation30_pad25_3,zero,species,0.0,52788,1.0,0.7493378530417095,0.335607011455683,0.7493378530417095,0.31973098589694526,0.7507577479730242,0.9512268480417431,0.8698036966650652,0.883195544629941,0.8698036966650652,0.8612589983083873,308,44643,41703
onnx:rotation30_pad25_3,zero,genus,0.0,52788,1.0,0.8472504239634208,0.38755157575495597,0.8472504239634208,0.38771743876773856,0.8323861483670532,0.9536588165415049,0.8812178342202511,0.864319570078447,0.8812178342202511,0.8548890385082205,242,52567,45971
onnx:rotation30_pad25_3,zero,family,0.0,52788,1.0,0.8636665098420966,0.34712795694828363,0.8636665098420966,0.35905067781483396,0.9622830946427219,0.9062460655947492,0.8932164863184111,0.8275326880655373,0.8932164863184111,0.850198428985235,20,52783,52403
onnx:rotation30_pad25_3,optimized,species,0.7529366910457611,52788,0.8132530120481928,0.8635268756201978,0.7198655161183526,0.6615516920144863,0.5675578092246022,0.8296529233636152,0.9512268480417431,0.963573617550616,0.9613612115206147,0.8049544911995276,0.8626739450453852,272,42778,35245
onnx:rotation30_pad25_3,optimized,genus,0.7956856787204742,52788,0.843070394786694,0.9578599395148406,0.7876914346408369,0.7626601078847843,0.6759673575495095,0.9032895919467913,0.9536588165415049,0.975627801896181,0.9744124082410346,0.8284542660506211,0.8857427309465413,215,46868,39824
onnx:rotation30_pad25_3,optimized,family,0.9765951335430146,52788,0.8212661968629233,0.9892268920132548,0.8402600553286454,0.7551948103314396,0.7076764729156302,0.9988236108227805,0.9062460655947492,0.987525874962716,0.9919348125549885,0.796774284571257,0.8806455141432638,19,52770,43342
onnx:rotation30_pad25_3,coverage_70,species,0.9330078959465028,52788,0.6999886337804047,0.8958818981982676,0.8488301817076527,0.5755733928870285,0.5777980098982209,0.8522096830938269,0.9512268480417431,0.9772824895065618,0.9759576331858164,0.7244536661424917,0.8101974819931572,270,42705,31139
onnx:rotation30_pad25_3,coverage_70,genus,0.9808727502822876,52788,0.6999886337804047,0.9766731633485423,0.9349450037960787,0.6367466549994095,0.6871119307217507,0.9280668994073232,0.9536588165415049,0.9872066649564367,0.9869220706436679,0.7145479286699414,0.8109908949574413,210,46789,34056
onnx:rotation30_pad25_3,coverage_70,family,0.9974356293678284,52788,0.6999886337804047,0.9934599851689291,0.9498876210445948,0.6455188522788526,0.7242275050366153,0.9994858055262374,0.9062460655947492,0.9924273512482334,0.9919692254750357,0.690324440612862,0.8073575502216895,19,52770,36945
onnx:rotation30_pad25_3,coverage_80,species,0.7826480269432068,52788,0.7999924225202698,0.8686288052834912,0.738927432680573,0.6516737035411767,0.5714027645948971,0.8331991475254559,0.9512268480417431,0.9653183066765808,0.9636871772572874,0.7956245433056017,0.8575482217269305,282,43436,35240
onnx:rotation30_pad25_3,coverage_80,genus,0.900927484035492,52788,0.7999924225202698,0.9685256384356089,0.8470595060946164,0.7294362252336144,0.6978836889168124,0.9127397584655458,0.9536588165415049,0.9789418689306925,0.9794493441862221,0.7902786563673672,0.8619247098397643,220,47497,38507
onnx:rotation30_pad25_3,coverage_80,family,0.9850951433181764,52788,0.7999924225202698,0.9893592346950689,0.9107134038486736,0.7408230332730312,0.7561339190719285,0.9991238456073881,0.9062460655947492,0.9876791138574482,0.9924800890720088,0.7793768702373942,0.8699130514104324,19,52770,42222
onnx:rotation30_pad25_3,coverage_90,species,0.506381094455719,52788,0.8999962112601348,0.8258580566003837,0.5753514931278402,0.7130878850154326,0.4926253112229873,0.8011745143025532,0.9512268480417431,0.9350108762911535,0.9390448569451352,0.843502482502277,0.8756459313060244,295,44256,38828
onnx:rotation30_pad25_3,coverage_90,genus,0.5820246338844299,52788,0.8999962112601348,0.9274427710014347,0.6679624600829293,0.8023516736810761,0.6083311670068455,0.8853480393188659,0.9536588165415049,0.9578232936969145,0.950365265908976,0.8534410434015306,0.8880107864781295,231,48032,42585
onnx:rotation30_pad25_3,coverage_90,family,0.8370890021324158,52788,0.8999962112601348,0.9632609424279068,0.655704275245192,0.8188781084613986,0.6054171988779777,0.9960639036814077,0.9062460655947492,0.9771968807059972,0.9809600570048073,0.8657674268419359,0.9170111582851428,19,52770,47470
onnx:wide_rotation_mixed_padding_5,zero,species,0.0,52788,1.0,0.755234026103822,0.33687151585862535,0.755234026103822,0.32185110296574626,0.7538455709630977,0.9525711652800813,0.8715557123596651,0.8834840123715941,0.8715557123596651,0.8627053901084056,308,44643,41811
onnx:wide_rotation_mixed_padding_5,zero,genus,0.0,52788,1.0,0.8526484792215151,0.3940384661527601,0.8526484792215151,0.3957398655739386,0.835985451238918,0.9551413947992818,0.8853011970016827,0.8667635483517392,0.8853011970016827,0.8585426621711364,242,52567,46078
onnx:wide_rotation_mixed_padding_5,zero,family,0.0,52788,1.0,0.8682812241104954,0.3481035571052136,0.8682812241104954,0.3601292312019684,0.9631923922103508,0.9087502982629312,0.8985234077270696,0.8300692484735555,0.8985234077270696,0.8530026677917844,20,52783,52397
onnx:wide_rotation_mixed_padding_5,optimized,species,0.7873642444610596,52788,0.8043115859665075,0.8695089438155129,0.7394833663961508,0.6572822588494145,0.5750160386991705,0.8327523670450798,0.9525711652800813,0.9639295303005937,0.9614004632913131,0.7979042954631081,0.8581004496525564,272,42778,34889
onnx:wide_rotation_mixed_padding_5,optimized,genus,0.8101237118244171,52788,0.8447563840266727,0.9606679222736707,0.7910805789285074,0.7604214628645327,0.6826130391618014,0.9048729621241002,0.9551413947992818,0.9750633809126213,0.9738767467913795,0.82798046241586,0.8853555685268851,215,46868,39838
onnx:wide_rotation_mixed_padding_5,optimized,family,0.9925266802310944,52788,0.7681859513525802,0.9945735885843039,0.8742836172330374,0.6939901432993258,0.6993534817995831,0.9993341717836798,0.9087502982629312,0.9937167867818257,0.9924784437276808,0.749000213953435,0.849553887374868,19,52770,40543
onnx:wide_rotation_mixed_padding_5,coverage_70,species,0.9377490878105164,52788,0.6999886337804047,0.8981484684758387,0.848225714611513,0.5783582894392819,0.5797842021095846,0.8515331114178236,0.9525711652800813,0.9779636889139668,0.9763167556362732,0.7251751735918991,0.8111347887875858,270,42705,31004
onnx:wide_rotation_mixed_padding_5,coverage_70,genus,0.9829234480857848,52788,0.6999886337804047,0.9772528484978749,0.933284851520251,0.6360370412463672,0.686210878766654,0.9270385104597981,0.9551413947992818,0.9877665840630739,0.9879987085886791,0.7139705404842976,0.8109186480358266,210,46789,33953
onnx:wide_rotation_mixed_padding_5,coverage_70,family,0.9976534247398376,52788,0.6999886337804047,0.9941884144043752,0.9104544641431674,0.6490372022402425,0.6982079283911002,0.9995128683932776,0.9087502982629312,0.9932707956261188,0.9921530073387378,0.6945834958292815,0.8112385022689916,19,52770,36944
onnx:wide_rotation_mixed_padding_5,coverage_80,species,0.7969450950622559,52788,0.7999924225202698,0.870493077157555,0.747828534071083,0.6542467064292844,0.5770189946103015,0.8337911437366801,0.9525711652800813,0.9642930734756164,0.9620844555272111,0.7942358812122685,0.8560547783361164,282,43436,35209
onnx:wide_rotation_mixed_padding_5,coverage_80,genus,0.9094918370246888,52788,0.7999924225202698,0.9702347124009509,0.8626430540125154,0.7311824992272253,0.7116937076075048,0.9137106322519536,0.9551413947992818,0.9798368925772063,0.9813682696210738,0.7881903730029471,0.8614467778949001,220,47497,38452
onnx:wide_rotation_mixed_padding_5,coverage_80,family,0.9860803484916688,52788,0.7999924225202698,0.9895768602990621,0.8401327366486231,0.7354484625565733,0.6970330018229233,0.9990764859104901,0.9087502982629312,0.987931101398914,0.9917605869928529,0.7728708109490503,0.8655205815378383,19,52770,42219
onnx:wide_rotation_mixed_padding_5,coverage_90,species,0.5132138729095459,52788,0.8999962112601348,0.8306881085608662,0.5780671544235811,0.7158430899566303,0.4965186149296989,0.8030267949230672,0.9525711652800813,0.93498406973104,0.9380106126608642,0.8440867567559296,0.8762121177514529,295,44256,38934
onnx:wide_rotation_mixed_padding_5,coverage_90,genus,0.5910288095474243,52788,0.8999962112601348,0.9372401160760394,0.6644000128149382,0.8029277732982208,0.6066165586959505,0.8878528278852428,0.9551413947992818,0.9565060217269441,0.9534398462019361,0.852457911734192,0.8893584622879612,231,48032,42641
onnx:wide_rotation_mixed_padding_5,coverage_90,family,0.8467361330986023,52788,0.8999962112601348,0.9685237018777774,0.6394279268346845,0.8178313547101703,0.5946051952129192,0.9962533414721422,0.9087502982629312,0.9785913540539676,0.9790063992391888,0.8645003038799225,0.9157762747265321,19,52770,47467
