environment_id,variant,device,trial,preset,batch_size,images_per_second,seconds,peak_host_rss_mib
j-12402286-job-0,v2,cpu,trial-0-v2-cpu,full,1,1.8118844130674805,"[0.5598056560847908, 0.5531074069440365, 0.5593097188975662, 0.5500260358676314, 0.5513407660182565, 0.5519115859642625, 0.5502322369720787]",4581.8515625
j-12402286-job-0,v2,cpu,trial-0-v2-cpu,north_europe,1,1.8378617180208665,"[0.5421012500301003, 0.5449547581374645, 0.5411054699216038, 0.5458362558856606, 0.5441105770878494, 0.5461597528774291, 0.5435048039071262]",4581.8515625
j-12402286-job-0,v2,cpu,trial-0-v2-cpu,full,8,1.9819228538278038,"[4.0097632319666445, 4.035052950959653, 4.036484056152403, 4.052431344985962, 4.046968417009339, 4.031886751996353, 4.04219921422191]",4581.8515625
j-12402286-job-0,v2,cpu,trial-0-v2-cpu,north_europe,8,1.9873168667309,"[4.016418604878709, 4.015866093803197, 4.026619980111718, 4.025528155034408, 4.040538410888985, 4.028720021946356, 4.01123312395066]",4581.8515625
j-12402286-job-0,torch,cpu,trial-0-torch-cpu,full,1,18.773565083969793,"[0.05192704009823501, 0.053253568010404706, 0.053063621977344155, 0.053309903014451265, 0.05326638789847493, 0.053548603085801005, 0.053931969916448]",3438.1953125
j-12402286-job-0,torch,cpu,trial-0-torch-cpu,north_europe,1,19.608615518753595,"[0.0493916308041662, 0.0506248080637306, 0.05397037696093321, 0.05188810080289841, 0.05133753200061619, 0.05099799111485481, 0.05074841505847871]",3438.1953125
j-12402286-job-0,torch,cpu,trial-0-torch-cpu,full,8,32.06470541085348,"[0.24803464789874852, 0.24921914213337004, 0.25404071412049234, 0.25220209499821067, 0.24949550908058882, 0.25121114193461835, 0.2479143759701401]",3438.1953125
j-12402286-job-0,torch,cpu,trial-0-torch-cpu,north_europe,8,32.4939802296532,"[0.24331936007365584, 0.24609336792491376, 0.2490320538636297, 0.24619944812729955, 0.24873223202303052, 0.24366387887857854, 0.24782164092175663]",3438.1953125
j-12402286-job-0,onnx,cpu,trial-0-onnx-cpu,full,1,25.252030387472338,"[0.039362087147310376, 0.03960077604278922, 0.039295236114412546, 0.040591028053313494, 0.040940073085948825, 0.03971679089590907, 0.03933157119899988]",2684.859375
j-12402286-job-0,onnx,cpu,trial-0-onnx-cpu,north_europe,1,21.086797547826855,"[0.03908186499029398, 0.055052950978279114, 0.048711427953094244, 0.04716102289967239, 0.04788451315835118, 0.0474230379331857, 0.04727510595694184]",2684.859375
j-12402286-job-0,onnx,cpu,trial-0-onnx-cpu,full,8,34.45055136496956,"[0.23389615188352764, 0.23221689299680293, 0.24549970892257988, 0.23073260695673525, 0.23048642603680491, 0.24050917197018862, 0.23132266593165696]",2684.859375
j-12402286-job-0,onnx,cpu,trial-0-onnx-cpu,north_europe,8,36.84371633820095,"[0.21713336207903922, 0.21594624407589436, 0.21369783696718514, 0.21867421292699873, 0.22980202292092144, 0.22040039184503257, 0.21298504318110645]",2684.859375
j-12402286-job-0,torch-tta,cpu,trial-0-torch-tta-cpu,full,1,5.982112764439149,"[0.16745743993669748, 0.16899099084548652, 0.1671650200150907, 0.16742447996512055, 0.16586729395203292, 0.16567778890021145, 0.1668674210086465]",4314.37109375
j-12402286-job-0,torch-tta,cpu,trial-0-torch-tta-cpu,north_europe,1,6.129117001871484,"[0.16287323297001421, 0.16466836794279516, 0.16084106196649373, 0.16607555793598294, 0.16198024689219892, 0.1659450209699571, 0.16315563884563744]",4314.37109375
j-12402286-job-0,torch-tta,cpu,trial-0-torch-tta-cpu,full,8,9.86198241896518,"[0.8111959300003946, 0.8157305719796568, 0.8271116188261658, 0.8432108249980956, 0.8080304500181228, 0.791286783060059, 0.7902445029467344]",4314.37109375
j-12402286-job-0,torch-tta,cpu,trial-0-torch-tta-cpu,north_europe,8,11.090379432408348,"[0.7179365169722587, 0.7207825449295342, 0.7228529239073396, 0.7213459240738302, 0.7223941530101001, 0.7208065008744597, 0.7257726530078799]",4314.37109375
j-12402286-job-0,onnx-tta,cpu,trial-0-onnx-tta-cpu,full,1,8.262693364512673,"[0.1206235159188509, 0.12110480992123485, 0.12121195206418633, 0.12076002103276551, 0.12792122596874833, 0.12102591199800372, 0.12068235385231674]",3404.2265625
j-12402286-job-0,onnx-tta,cpu,trial-0-onnx-tta-cpu,north_europe,1,8.32628728459142,"[0.11874060006812215, 0.12130865687504411, 0.11909768707118928, 0.12351267598569393, 0.1201015489641577, 0.11952165607362986, 0.12335676187649369]",3404.2265625
j-12402286-job-0,onnx-tta,cpu,trial-0-onnx-tta-cpu,full,8,12.08724553155887,"[0.6653836239129305, 0.6583668161183596, 0.663738896837458, 0.6546928018797189, 0.6508324679452926, 0.6618546780664474, 0.6636198570486158]",3404.2265625
j-12402286-job-0,onnx-tta,cpu,trial-0-onnx-tta-cpu,north_europe,8,12.360899894394624,"[0.6507734870538116, 0.6397130631376058, 0.6421967730857432, 0.6472020701039582, 0.6472110629547387, 0.6474834938999265, 0.639450018061325]",3404.2265625
j-12402286-job-0,v2,cuda:0,trial-0-v2-cuda-0,full,1,159.71356264433828,"[0.0063039930537343025, 0.006305434973910451, 0.006233125925064087, 0.0062791050877422094, 0.006261209025979042, 0.006236240966245532, 0.006178524112328887]",4587.48828125
j-12402286-job-0,v2,cuda:0,trial-0-v2-cuda-0,north_europe,1,171.7041858561048,"[0.00606002495624125, 0.005808257032185793, 0.0058175798039883375, 0.005840705940499902, 0.005831901915371418, 0.005823969841003418, 0.005822147009894252]",4587.48828125
j-12402286-job-0,v2,cuda:0,trial-0-v2-cuda-0,full,8,422.20877286715364,"[0.018486206885427237, 0.018466537119820714, 0.019866775954142213, 0.018947971984744072, 0.01934968796558678, 0.019701206823810935, 0.018616032088175416]",4587.48828125
j-12402286-job-0,v2,cuda:0,trial-0-v2-cuda-0,north_europe,8,441.3241336330918,"[0.018405034905299544, 0.018186987144872546, 0.01842442387714982, 0.01792710507288575, 0.01810313994064927, 0.017758831847459078, 0.01812726608477533]",4587.48828125
j-12402286-job-0,v2,cuda:0,trial-0-v2-cuda-0,full,32,534.519888907689,"[0.06067607691511512, 0.0638898469042033, 0.05983407003805041, 0.059084321139380336, 0.0659339448902756, 0.05947311595082283, 0.05986680882051587]",4587.48828125
j-12402286-job-0,v2,cuda:0,trial-0-v2-cuda-0,north_europe,32,500.9336702458657,"[0.06388071295805275, 0.06535172904841602, 0.0697851839940995, 0.059929753886535764, 0.06386400805786252, 0.05971407890319824, 0.08290322800166905]",4587.48828125
j-12402286-job-0,torch,cuda:0,trial-0-torch-cuda-0,full,1,82.88776326642262,"[0.012180011020973325, 0.01211761706508696, 0.012061351910233498, 0.012064506998285651, 0.012174042174592614, 0.011996163986623287, 0.01205331995151937]",8748.5859375
j-12402286-job-0,torch,cuda:0,trial-0-torch-cuda-0,north_europe,1,94.66606958628452,"[0.010772902052849531, 0.010660764062777162, 0.010575013933703303, 0.010551288956776261, 0.010558669921010733, 0.010563446907326579, 0.010562114883214235]",8748.5859375
j-12402286-job-0,torch,cuda:0,trial-0-torch-cuda-0,full,8,329.676534848332,"[0.023103289073333144, 0.02612714283168316, 0.024266209919005632, 0.026091889943927526, 0.024249885929748416, 0.02413583407178521, 0.029060428962111473]",8748.5859375
j-12402286-job-0,torch,cuda:0,trial-0-torch-cuda-0,north_europe,8,321.5584914015297,"[0.02506410190835595, 0.025000977097079158, 0.02487883297726512, 0.024151788093149662, 0.02245876914821565, 0.025216581067070365, 0.02454782510176301]",8748.5859375
j-12402286-job-0,torch,cuda:0,trial-0-torch-cuda-0,full,32,478.5154067344906,"[0.06442678486928344, 0.07067755796015263, 0.06746875704266131, 0.06502768979407847, 0.06610617507249117, 0.06687349989078939, 0.06953839189372957]",8748.5859375
j-12402286-job-0,torch,cuda:0,trial-0-torch-cuda-0,north_europe,32,440.29805404109663,"[0.0623072839807719, 0.07974362000823021, 0.06216668197885156, 0.07500562607310712, 0.0722976780962199, 0.07267804094590247, 0.07345631183125079]",8748.5859375
j-12402286-job-0,torch,cuda:0,trial-0-torch-cuda-0,full,256,473.30187695540536,"[0.5903866898734123, 0.5399209200404584, 0.5256964520085603, 0.5408810158260167, 0.5698406419251114, 0.5487330839969218, 0.5309413929935545]",8748.5859375
j-12402286-job-0,torch,cuda:0,trial-0-torch-cuda-0,north_europe,256,509.63960405887036,"[0.5185853492002934, 0.4925630991347134, 0.5023157501127571, 0.4884355610702187, 0.5026476308703423, 0.5019327839836478, 0.5080248010344803]",8748.5859375
j-12402286-job-0,onnx,cuda:0,trial-0-onnx-cuda-0,full,1,113.6131370481929,"[0.009512839838862419, 0.008801799034699798, 0.008537750924006104, 0.008859846973791718, 0.008465873776003718, 0.008470541099086404, 0.011722298106178641]",6922.67578125
j-12402286-job-0,onnx,cuda:0,trial-0-onnx-cuda-0,north_europe,1,138.7928342669094,"[0.007262099999934435, 0.007271014153957367, 0.007194858975708485, 0.007155319210141897, 0.007141758920624852, 0.007326576858758926, 0.007204982917755842]",6922.67578125
j-12402286-job-0,onnx,cuda:0,trial-0-onnx-cuda-0,full,8,330.6140063438729,"[0.02645369991660118, 0.022592162946239114, 0.02583598904311657, 0.023288171039894223, 0.021401920123025775, 0.02419740194454789, 0.024584023980423808]",6922.67578125
j-12402286-job-0,onnx,cuda:0,trial-0-onnx-cuda-0,north_europe,8,352.037172129845,"[0.021658926969394088, 0.020491539034992456, 0.02164299297146499, 0.02360737300477922, 0.02395508694462478, 0.022724872920662165, 0.023543456103652716]",6922.67578125
j-12402286-job-0,onnx,cuda:0,trial-0-onnx-cuda-0,full,32,447.84025525941945,"[0.07305560284294188, 0.07298052008263767, 0.06922221789136529, 0.07145405001938343, 0.07235863315872848, 0.07027801894582808, 0.07113562989979982]",6922.67578125
j-12402286-job-0,onnx,cuda:0,trial-0-onnx-cuda-0,north_europe,32,454.4771033525177,"[0.07847378496080637, 0.0703329520765692, 0.07661737804301083, 0.07041058782488108, 0.07012881408445537, 0.07049964205361903, 0.0671302869450301]",6922.67578125
j-12402286-job-0,onnx,cuda:0,trial-0-onnx-cuda-0,full,256,440.1144009851269,"[0.5717368379700929, 0.5882077501155436, 0.5647427421063185, 0.5975073499139398, 0.591107077896595, 0.5810348049271852, 0.5816669471096247]",6922.67578125
j-12402286-job-0,onnx,cuda:0,trial-0-onnx-cuda-0,north_europe,256,466.1911936968771,"[0.54900794592686, 0.5328393769450486, 0.5351080049294978, 0.5714165659155697, 0.5491309219505638, 0.5547846788540483, 0.5674031691160053]",6922.67578125
j-12402286-job-0,torch-tta,cuda:0,trial-0-torch-tta-cuda-0,full,1,25.77278001663632,"[0.038760185008868575, 0.03895626007579267, 0.03880062606185675, 0.03898235014639795, 0.0388006460852921, 0.038777069887146354, 0.03862898703664541]",13732.86328125
j-12402286-job-0,torch-tta,cuda:0,trial-0-torch-tta-cuda-0,north_europe,1,27.227900600986786,"[0.03650639997795224, 0.03680428885854781, 0.036754583939909935, 0.03654780308715999, 0.03689834079705179, 0.03672703285701573, 0.036662244936451316]",13732.86328125
j-12402286-job-0,torch-tta,cuda:0,trial-0-torch-tta-cuda-0,full,8,99.54417969759442,"[0.08036632603034377, 0.08473288198001683, 0.07552051800303161, 0.08759120712056756, 0.07841285387985408, 0.08712896122597158, 0.0796153349801898]",13732.86328125
j-12402286-job-0,torch-tta,cuda:0,trial-0-torch-tta-cuda-0,north_europe,8,101.10871662764575,"[0.07481043902225792, 0.07912275288254023, 0.08086353493854403, 0.07912016892805696, 0.08882537600584328, 0.07169873197562993, 0.08031963580287993]",13732.86328125
j-12402286-job-0,torch-tta,cuda:0,trial-0-torch-tta-cuda-0,full,32,141.62023365612262,"[0.22613058588467538, 0.21947938902303576, 0.22595641296356916, 0.22569528897292912, 0.22925979807041585, 0.22593854600563645, 0.22688736487179995]",13732.86328125
j-12402286-job-0,torch-tta,cuda:0,trial-0-torch-tta-cuda-0,north_europe,32,134.61613589128336,"[0.23786216299049556, 0.26676358096301556, 0.22510312893427908, 0.2543662399984896, 0.23771295906044543, 0.22919729398563504, 0.22667260188609362]",13732.86328125
j-12402286-job-0,torch-tta,cuda:0,trial-0-torch-tta-cuda-0,full,256,145.4563147380399,"[1.7471032990142703, 1.848585378145799, 1.7710895768832415, 1.7599785919301212, 1.789674888830632, 1.7099389729555696, 1.7481422240380198]",13732.86328125
j-12402286-job-0,torch-tta,cuda:0,trial-0-torch-tta-cuda-0,north_europe,256,146.1398414161973,"[1.7028252279851586, 1.7517468030564487, 1.688165568979457, 1.6661955381277949, 1.7871254589408636, 2.218830683035776, 2.1324612388852984]",13732.86328125
j-12402286-job-0,onnx-tta,cuda:0,trial-0-onnx-tta-cuda-0,full,1,35.532385252582785,"[0.03191231586970389, 0.028284823056310415, 0.028143340023234487, 0.027871930971741676, 0.02781070815399289, 0.027790748979896307, 0.028204301139339805]",11555.5859375
j-12402286-job-0,onnx-tta,cuda:0,trial-0-onnx-tta-cuda-0,north_europe,1,36.771653484791806,"[0.026865995954722166, 0.027348933974280953, 0.027257435023784637, 0.02724255295470357, 0.027194860856980085, 0.027023043017834425, 0.027147690067067742]",11555.5859375
j-12402286-job-0,onnx-tta,cuda:0,trial-0-onnx-tta-cuda-0,full,8,105.27877679395911,"[0.07678151899017394, 0.07287920103408396, 0.08103566593490541, 0.07533648214302957, 0.07598872482776642, 0.07834966108202934, 0.07468052417971194]",11555.5859375
j-12402286-job-0,onnx-tta,cuda:0,trial-0-onnx-tta-cuda-0,north_europe,8,109.99565276327142,"[0.07799976388923824, 0.08511138521134853, 0.07269248994998634, 0.08088010200299323, 0.07137880194932222, 0.07246160204522312, 0.07273014704696834]",11555.5859375
j-12402286-job-0,onnx-tta,cuda:0,trial-0-onnx-tta-cuda-0,full,32,128.75608088994497,"[0.25812575104646385, 0.2496226339135319, 0.2479465790092945, 0.24618305289186537, 0.2497298049274832, 0.24853195110335946, 0.24478664994239807]",11555.5859375
j-12402286-job-0,onnx-tta,cuda:0,trial-0-onnx-tta-cuda-0,north_europe,32,128.09036729403115,"[0.25169501500204206, 0.250091538997367, 0.24174840305931866, 0.26207018201239407, 0.240036133909598, 0.24713967298157513, 0.24982362589798868]",11555.5859375
j-12402286-job-0,onnx-tta,cuda:0,trial-0-onnx-tta-cuda-0,full,256,130.43032693926654,"[2.0292546290438622, 1.944513760972768, 1.9627337139099836, 1.9228567408863455, 1.972897453000769, 1.9226515630725771, 1.9808490499854088]",11555.5859375
j-12402286-job-0,onnx-tta,cuda:0,trial-0-onnx-tta-cuda-0,north_europe,256,122.26377819115693,"[1.9955810110550374, 2.071103529073298, 2.103893836028874, 2.0938335440587252, 2.0483566790353507, 2.1093847670126706, 2.221062398981303]",11555.5859375
j-12402286-job-0,onnx-tta,cpu,trial-1-onnx-tta-cpu,full,1,6.75596119134303,"[0.14646412897855043, 0.1483337450772524, 0.1580319299828261, 0.1475024321116507, 0.1476692531723529, 0.1480174281168729, 0.14868402178399265]",3397.5078125
j-12402286-job-0,onnx-tta,cpu,trial-1-onnx-tta-cpu,north_europe,1,6.822651158921427,"[0.14547044201754034, 0.14632983691990376, 0.14671937306411564, 0.15039914404042065, 0.1462649789173156, 0.14657058916054666, 0.1586985040921718]",3397.5078125
j-12402286-job-0,onnx-tta,cpu,trial-1-onnx-tta-cpu,full,8,11.63371514486247,"[0.6962012129370123, 0.6839959709905088, 0.6876565138809383, 0.6862769259605557, 0.6919130848255008, 0.7119086098391563, 0.6861587781459093]",3397.5078125
j-12402286-job-0,onnx-tta,cpu,trial-1-onnx-tta-cpu,north_europe,8,12.23551158111812,"[0.6762029870878905, 0.6538345329463482, 0.6545771821402013, 0.6430737329646945, 0.6487431330606341, 0.6449008660856634, 0.6622776610311121]",3397.5078125
j-12402286-job-0,torch-tta,cpu,trial-1-torch-tta-cpu,full,1,6.353911302672763,"[0.15525876404717565, 0.15712836012244225, 0.1568535859696567, 0.15738337417133152, 0.16014939080923796, 0.1585964011028409, 0.16081210877746344]",4187.859375
j-12402286-job-0,torch-tta,cpu,trial-1-torch-tta-cpu,north_europe,1,6.4244713318004605,"[0.15356798795983195, 0.16920459899120033, 0.1559280229266733, 0.15602170280180871, 0.15537062310613692, 0.15565483109094203, 0.15532190003432333]",4187.859375
j-12402286-job-0,torch-tta,cpu,trial-1-torch-tta-cpu,full,8,9.365779609516762,"[0.899784438079223, 0.908878515008837, 0.8541734199970961, 0.8452214368153363, 0.8457925170660019, 0.8704305361025035, 0.8485985330771655]",4187.859375
j-12402286-job-0,torch-tta,cpu,trial-1-torch-tta-cpu,north_europe,8,10.925273754071165,"[0.7698587840422988, 0.7589555780868977, 0.7167077970225364, 0.7322470978833735, 0.7229400761425495, 0.739312743069604, 0.7238768371753395]",4187.859375
j-12402286-job-0,onnx,cpu,trial-1-onnx-cpu,full,1,25.31768884347062,"[0.03936560498550534, 0.03948273207060993, 0.03973217704333365, 0.039527239045128226, 0.03957147593609989, 0.03948797006160021, 0.039498076075688004]",2511.6328125
j-12402286-job-0,onnx,cpu,trial-1-onnx-cpu,north_europe,1,26.028760793685077,"[0.037499195197597146, 0.03831630595959723, 0.040990792913362384, 0.040651271818205714, 0.03841903991997242, 0.03850294603034854, 0.03840801282785833]",2511.6328125
j-12402286-job-0,onnx,cpu,trial-1-onnx-cpu,full,8,35.421368387507336,"[0.23015617206692696, 0.22585237002931535, 0.23093353305011988, 0.22976073599420488, 0.22319298493675888, 0.22484666598029435, 0.22235849895514548]",2511.6328125
j-12402286-job-0,onnx,cpu,trial-1-onnx-cpu,north_europe,8,35.33864022342065,"[0.23100770101882517, 0.22638109303079545, 0.22427077498286963, 0.2259297240525484, 0.2347594320308417, 0.22617309098131955, 0.23673859285190701]",2511.6328125
j-12402286-job-0,torch,cpu,trial-1-torch-cpu,full,1,16.198527038428924,"[0.0780041329562664, 0.06189068499952555, 0.06168139888904989, 0.061740308068692684, 0.06173161510378122, 0.0617340081371367, 0.06163357710465789]",3156.78125
j-12402286-job-0,torch,cpu,trial-1-torch-cpu,north_europe,1,16.39848742407414,"[0.05901055596768856, 0.061691835056990385, 0.06055515306070447, 0.060981234069913626, 0.06096916692331433, 0.061089548049494624, 0.06128282891586423]",3156.78125
j-12402286-job-0,torch,cpu,trial-1-torch-cpu,full,8,27.642719112441718,"[0.2936432999558747, 0.2894071298651397, 0.27978958492167294, 0.29107873793691397, 0.2889334859792143, 0.3011715980246663, 0.27577853412367404]",3156.78125
j-12402286-job-0,torch,cpu,trial-1-torch-cpu,north_europe,8,32.034914488899396,"[0.25042425701394677, 0.24972752784378827, 0.24844128102995455, 0.25887357210740447, 0.2495469560381025, 0.2495462349615991, 0.25269569805823267]",3156.78125
j-12402286-job-0,v2,cpu,trial-1-v2-cpu,full,1,1.817772373081537,"[0.5532833931501955, 0.555746752070263, 0.5485153030604124, 0.5501238850411028, 0.5486917190719396, 0.545396656030789, 0.551491835154593]",4580.44921875
j-12402286-job-0,v2,cpu,trial-1-v2-cpu,north_europe,1,1.8455031230447507,"[0.5427428509574383, 0.5418576579540968, 0.539818748133257, 0.5418447989504784, 0.5432270499877632, 0.5479880489874631, 0.5392957900185138]",4580.44921875
j-12402286-job-0,v2,cpu,trial-1-v2-cpu,full,8,1.974068964640723,"[4.0525433220900595, 4.035881021991372, 4.061371466144919, 4.046101082116365, 4.062707477947697, 4.041825053049251, 4.059707231121138]",4580.44921875
j-12402286-job-0,v2,cpu,trial-1-v2-cpu,north_europe,8,1.9795949405909192,"[4.009429252007976, 4.046103483065963, 4.060272793984041, 4.080001945141703, 4.041230777045712, 3.979067053180188, 3.93344496213831]",4580.44921875
j-12402286-job-0,onnx-tta,cuda:0,trial-1-onnx-tta-cuda-0,full,1,35.10418007739652,"[0.02980828401632607, 0.028706395998597145, 0.02852801699191332, 0.02844588295556605, 0.02846583304926753, 0.028482699068263173, 0.028486636001616716]",11622.4375
j-12402286-job-0,onnx-tta,cuda:0,trial-1-onnx-tta-cuda-0,north_europe,1,36.685243230182216,"[0.02692680712789297, 0.02726262202486396, 0.027258916990831494, 0.027281691087409854, 0.027256052009761333, 0.02738477708771825, 0.027240809984505177]",11622.4375
j-12402286-job-0,onnx-tta,cuda:0,trial-1-onnx-tta-cuda-0,full,8,109.5386863539322,"[0.07469335710629821, 0.07088668621145189, 0.07199720805510879, 0.07259518885985017, 0.07546746218577027, 0.07648908998817205, 0.07303355797193944]",11622.4375
j-12402286-job-0,onnx-tta,cuda:0,trial-1-onnx-tta-cuda-0,north_europe,8,111.41391264979623,"[0.07389426394365728, 0.08379421709105372, 0.06892463192343712, 0.06975421193055809, 0.06943008303642273, 0.07180431787855923, 0.07927897991612554]",11622.4375
j-12402286-job-0,onnx-tta,cuda:0,trial-1-onnx-tta-cuda-0,full,32,129.50510416208104,"[0.24829960195347667, 0.24574094987474382, 0.24102568090893328, 0.24115416500717402, 0.24709450802765787, 0.25395536608994007, 0.24713992583565414]",11622.4375
j-12402286-job-0,onnx-tta,cuda:0,trial-1-onnx-tta-cuda-0,north_europe,32,133.27963667415108,"[0.23764376994222403, 0.23839785484597087, 0.27552488818764687, 0.24364052806049585, 0.24009669292718172, 0.24040215299464762, 0.23919702880084515]",11622.4375
j-12402286-job-0,onnx-tta,cuda:0,trial-1-onnx-tta-cuda-0,full,256,129.12878613530611,"[1.982516893884167, 1.9731587800197303, 1.979680062038824, 1.9286577210295945, 2.003313892055303, 2.12636016192846, 2.1826345180161297]",11622.4375
j-12402286-job-0,onnx-tta,cuda:0,trial-1-onnx-tta-cuda-0,north_europe,256,130.03771532567654,"[2.089646345935762, 1.9014787450432777, 1.9645583529490978, 1.8932036010082811, 1.9686596258543432, 1.9741132739000022, 2.2100263938773423]",11622.4375
j-12402286-job-0,torch-tta,cuda:0,trial-1-torch-tta-cuda-0,full,1,25.00895319189691,"[0.03944537718780339, 0.04006013204343617, 0.040014814119786024, 0.03990480909124017, 0.039944858988747, 0.040130988927558064, 0.039985680021345615]",13812.69140625
j-12402286-job-0,torch-tta,cuda:0,trial-1-torch-tta-cuda-0,north_europe,1,25.693376156511338,"[0.03870765585452318, 0.038914378033950925, 0.038999626180157065, 0.03899268596433103, 0.0388798660133034, 0.03895947616547346, 0.0389205371029675]",13812.69140625
j-12402286-job-0,torch-tta,cuda:0,trial-1-torch-tta-cuda-0,full,8,102.28573707861345,"[0.078212273074314, 0.07666598493233323, 0.07563351094722748, 0.08347646496258676, 0.08239176287315786, 0.08907328895293176, 0.0779165280982852]",13812.69140625
j-12402286-job-0,torch-tta,cuda:0,trial-1-torch-tta-cuda-0,north_europe,8,95.89452986057971,"[0.08519353996962309, 0.08176997792907059, 0.07896921201609075, 0.07469155290164053, 0.09002882707864046, 0.08342498796992004, 0.09594587213359773]",13812.69140625
j-12402286-job-0,torch-tta,cuda:0,trial-1-torch-tta-cuda-0,full,32,127.29254314298657,"[0.23686125595122576, 0.2459776159375906, 0.22779894596897066, 0.25679213204421103, 0.2529080470558256, 0.25138943106867373, 0.25198757206089795]",13812.69140625
j-12402286-job-0,torch-tta,cuda:0,trial-1-torch-tta-cuda-0,north_europe,32,136.72982352121235,"[0.29182543884962797, 0.2322860099375248, 0.22935751313343644, 0.23567410907708108, 0.22680777497589588, 0.23403818695805967, 0.2375326359178871]",13812.69140625
j-12402286-job-0,torch-tta,cuda:0,trial-1-torch-tta-cuda-0,full,256,146.3969568946306,"[1.7486702280584723, 1.7503152440767735, 1.8470838381908834, 1.9163033759687096, 1.7106920420192182, 1.748026367975399, 1.7277893908321857]",13812.69140625
j-12402286-job-0,torch-tta,cuda:0,trial-1-torch-tta-cuda-0,north_europe,256,147.82696242852057,"[1.6979348661843687, 1.7317544498946518, 1.6914874098729342, 1.6777222258970141, 1.7644795370288193, 1.7319374058861285, 1.7670164369046688]",13812.69140625
j-12402286-job-0,onnx,cuda:0,trial-1-onnx-cuda-0,full,1,117.63046498321172,"[0.00919535499997437, 0.008699428057298064, 0.008524524047970772, 0.008501199074089527, 0.008469022111967206, 0.008432967122644186, 0.008470023050904274]",6995.44140625
j-12402286-job-0,onnx,cuda:0,trial-1-onnx-cuda-0,north_europe,1,138.6048844539578,"[0.007311638910323381, 0.007264276966452599, 0.007204758003354073, 0.007197878090664744, 0.007214271929115057, 0.007214752957224846, 0.007239228812977672]",6995.44140625
j-12402286-job-0,onnx,cuda:0,trial-1-onnx-cuda-0,full,8,302.3480963834994,"[0.026133797131478786, 0.026719619054347277, 0.02645956794731319, 0.02858591009862721, 0.025771782966330647, 0.023208813974633813, 0.026863716077059507]",6995.44140625
j-12402286-job-0,onnx,cuda:0,trial-1-onnx-cuda-0,north_europe,8,338.34249170542535,"[0.022100324975326657, 0.023982940008863807, 0.024858698016032577, 0.02364468015730381, 0.022694980027154088, 0.026994443964213133, 0.02106905193068087]",6995.44140625
j-12402286-job-0,onnx,cuda:0,trial-1-onnx-cuda-0,full,32,442.1959705074405,"[0.07352107507176697, 0.07236610492691398, 0.07438836991786957, 0.07151586492545903, 0.06982674193568528, 0.07485655602067709, 0.07161813997663558]",6995.44140625
j-12402286-job-0,onnx,cuda:0,trial-1-onnx-cuda-0,north_europe,32,480.35072199877527,"[0.0709644251037389, 0.06823060917668045, 0.0666179908439517, 0.06489726016297936, 0.06573307886719704, 0.0661705881357193, 0.07377067091874778]",6995.44140625
j-12402286-job-0,onnx,cuda:0,trial-1-onnx-cuda-0,full,256,439.46688003057005,"[0.5825239890255034, 0.5645170279312879, 0.5834215709473938, 0.5691107539460063, 0.5670419801026583, 0.6174930001143366, 0.5911674541421235]",6995.44140625
j-12402286-job-0,onnx,cuda:0,trial-1-onnx-cuda-0,north_europe,256,468.5478437832685,"[0.5618854460772127, 0.5501534920185804, 0.5374202101957053, 0.5463689640164375, 0.5567910959944129, 0.5443950810004026, 0.5368676378857344]",6995.44140625
j-12402286-job-0,torch,cuda:0,trial-1-torch-cuda-0,full,1,77.15462941990037,"[0.012598931090906262, 0.013577082892879844, 0.012706432957202196, 0.012960985070094466, 0.012506511062383652, 0.013051111018285155, 0.01495455694384873]",8100.1953125
j-12402286-job-0,torch,cuda:0,trial-1-torch-cuda-0,north_europe,1,89.40391873994095,"[0.011546565918251872, 0.011185192037373781, 0.011236910009756684, 0.011101445881649852, 0.011377390939742327, 0.01118481089361012, 0.011019441997632384]",8100.1953125
j-12402286-job-0,torch,cuda:0,trial-1-torch-cuda-0,full,8,311.46445262946304,"[0.02640065085142851, 0.024855625117197633, 0.025351922027766705, 0.02701724017970264, 0.028978002024814487, 0.02506327792070806, 0.02568511408753693]",8100.1953125
j-12402286-job-0,torch,cuda:0,trial-1-torch-cuda-0,north_europe,8,326.8468549682898,"[0.024476294871419668, 0.026545919943600893, 0.025650982977822423, 0.023425891995429993, 0.021990061039105058, 0.026437897933647037, 0.02316271699965]",8100.1953125
j-12402286-job-0,torch,cuda:0,trial-1-torch-cuda-0,full,32,493.7255957211627,"[0.06481333007104695, 0.06772171892225742, 0.06364572211168706, 0.06241707084700465, 0.06580415111966431, 0.06383994384668767, 0.0668210128787905]",8100.1953125
j-12402286-job-0,torch,cuda:0,trial-1-torch-cuda-0,north_europe,32,491.75291090046,"[0.06315053603611887, 0.0666959248483181, 0.06507333111949265, 0.06123319920152426, 0.06664490816183388, 0.06254803878255188, 0.06628210097551346]",8100.1953125
j-12402286-job-0,torch,cuda:0,trial-1-torch-cuda-0,full,256,367.63960694873936,"[0.7084685349836946, 0.7001728950999677, 0.6916666671168059, 0.6998157668858767, 0.6384113600943238, 0.6963341140653938, 0.6908263708464801]",8100.1953125
j-12402286-job-0,torch,cuda:0,trial-1-torch-cuda-0,north_europe,256,470.3901109870499,"[0.5538813420571387, 0.5384540820959955, 0.5442291281651706, 0.571407072013244, 0.5495763490907848, 0.5196307881269604, 0.5318822769913822]",8100.1953125
j-12402286-job-0,v2,cuda:0,trial-1-v2-cuda-0,full,1,162.30103644077124,"[0.006237654015421867, 0.006227159174159169, 0.006161390105262399, 0.006178766023367643, 0.0061166922096163034, 0.006160348886623979, 0.006114738993346691]",4595.41796875
j-12402286-job-0,v2,cuda:0,trial-1-v2-cuda-0,north_europe,1,169.28273731364027,"[0.006207118974998593, 0.005907276878133416, 0.005898222792893648, 0.005931344116106629, 0.00581088219769299, 0.005852275062352419, 0.006088610040023923]",4595.41796875
j-12402286-job-0,v2,cuda:0,trial-1-v2-cuda-0,full,8,437.8569345603938,"[0.01845841109752655, 0.018357458990067244, 0.01828199508599937, 0.01827080803923309, 0.01818935596384108, 0.018189395079389215, 0.018088093027472496]",4595.41796875
j-12402286-job-0,v2,cuda:0,trial-1-v2-cuda-0,north_europe,8,452.67259312175884,"[0.018221714068204165, 0.01794675993733108, 0.017731456086039543, 0.01767281722277403, 0.017497373977676034, 0.017558936029672623, 0.017560458043590188]",4595.41796875
j-12402286-job-0,v2,cuda:0,trial-1-v2-cuda-0,full,32,539.4992257828832,"[0.05852341395802796, 0.05764063401147723, 0.060999603010714054, 0.05931426491588354, 0.06890516099520028, 0.05869247787632048, 0.05931656784377992]",4595.41796875
j-12402286-job-0,v2,cuda:0,trial-1-v2-cuda-0,north_europe,32,559.4076499953098,"[0.05751471407711506, 0.057311567943543196, 0.05758101399987936, 0.05686114099808037, 0.05686043878085911, 0.05720336502417922, 0.05677030282095075]",4595.41796875
j-12402286-job-0,v2,cpu,trial-2-v2-cpu,full,1,1.9392516010325764,"[0.5145874070003629, 0.5160089780110866, 0.5162893699016422, 0.5155025550629944, 0.5156215140596032, 0.5156628461554646, 0.5165060760919005]",4571.9296875
j-12402286-job-0,v2,cpu,trial-2-v2-cpu,north_europe,1,1.9569581532938247,"[0.5102189481258392, 0.5121426749974489, 0.5104478730354458, 0.512342827161774, 0.5109971300698817, 0.5137192090041935, 0.5095693198964]",4571.9296875
j-12402286-job-0,v2,cpu,trial-2-v2-cpu,full,8,2.054081456231529,"[3.907884922111407, 3.899646857054904, 3.8973819261882454, 3.892451951978728, 3.8930711839348078, 3.8896946699824184, 3.8946848849300295]",4571.9296875
j-12402286-job-0,v2,cpu,trial-2-v2-cpu,north_europe,8,2.056526996062075,"[3.9068993870168924, 3.8936226449441165, 3.8872487179469317, 3.8911931777838618, 3.88358885794878, 3.8886565680149943, 3.890053481096402]",4571.9296875
j-12402286-job-0,torch,cpu,trial-2-torch-cpu,full,1,16.210259269276104,"[0.060125784017145634, 0.06232575583271682, 0.061606443021446466, 0.06168932793661952, 0.06175602786242962, 0.06163156102411449, 0.061742307152599096]",3276.0703125
j-12402286-job-0,torch,cpu,trial-2-torch-cpu,north_europe,1,16.843928286078263,"[0.05653630895540118, 0.059587083058431745, 0.05904392385855317, 0.05940318596549332, 0.059616656973958015, 0.05924672004766762, 0.059368573827669024]",3276.0703125
j-12402286-job-0,torch,cpu,trial-2-torch-cpu,full,8,28.6694632884164,"[0.2817683289758861, 0.28499519801698625, 0.2783872978761792, 0.274959767004475, 0.2746768419165164, 0.2826676538679749, 0.2790425450075418]",3276.0703125
j-12402286-job-0,torch,cpu,trial-2-torch-cpu,north_europe,8,33.9929018600177,"[0.23534324998036027, 0.24000865500420332, 0.2358923179563135, 0.2338446439243853, 0.23344438197091222, 0.2317175311036408, 0.23604794219136238]",3276.0703125
j-12402286-job-0,onnx,cpu,trial-2-onnx-cpu,full,1,25.309400322870264,"[0.03936077491380274, 0.039631843101233244, 0.03990678698755801, 0.039661316899582744, 0.03951101121492684, 0.039362187031656504, 0.03942448110319674]",2597.8125
j-12402286-job-0,onnx,cpu,trial-2-onnx-cpu,north_europe,1,21.600097606027113,"[0.046296087093651295, 0.046415665885433555, 0.046329667093232274, 0.04623448383063078, 0.04611725686118007, 0.04921415005810559, 0.046228053979575634]",2597.8125
j-12402286-job-0,onnx,cpu,trial-2-onnx-cpu,full,8,35.103085698640115,"[0.22518651699647307, 0.2253997081425041, 0.23186038597486913, 0.22569125704467297, 0.22790019284002483, 0.2390748281031847, 0.23001277400180697]",2597.8125
j-12402286-job-0,onnx,cpu,trial-2-onnx-cpu,north_europe,8,35.31670132080987,"[0.22448562597855926, 0.22652172204107046, 0.23036780301481485, 0.22548158606514335, 0.23154534585773945, 0.22438515489920974, 0.23444966902025044]",2597.8125
j-12402286-job-0,torch-tta,cpu,trial-2-torch-tta-cpu,full,1,5.2870796177288,"[0.18914033309556544, 0.19262751913629472, 0.19075547205284238, 0.19067009398713708, 0.1878105418290943, 0.18679662700742483, 0.185512974858284]",4371.82421875
j-12402286-job-0,torch-tta,cpu,trial-2-torch-tta-cpu,north_europe,1,5.316373845373524,"[0.18603909690864384, 0.1879474378656596, 0.1880981340073049, 0.19465805310755968, 0.18374116998165846, 0.19301294907927513, 0.1915520909242332]",4371.82421875
j-12402286-job-0,torch-tta,cpu,trial-2-torch-tta-cpu,full,8,9.05434979700814,"[0.8835324679967016, 0.8796126821544021, 0.8855883809737861, 0.8819976099766791, 0.8911263120826334, 0.8835532290395349, 0.8942501419223845]",4371.82421875
j-12402286-job-0,torch-tta,cpu,trial-2-torch-tta-cpu,north_europe,8,10.218024881652804,"[0.7836182001046836, 0.7942637118976563, 0.7978434439282864, 0.7829301741439849, 0.7703375180717558, 0.7731695030815899, 0.7766604509670287]",4371.82421875
j-12402286-job-0,onnx-tta,cpu,trial-2-onnx-tta-cpu,full,1,8.335461585337839,"[0.11936624301597476, 0.12028716993518174, 0.1198898209258914, 0.11996936099603772, 0.1255479718092829, 0.12052882392890751, 0.11988089792430401]",3368.6796875
j-12402286-job-0,onnx-tta,cpu,trial-2-onnx-tta-cpu,north_europe,1,8.307580034360607,"[0.11943842214532197, 0.12223849911242723, 0.120665960945189, 0.12022164114750922, 0.11999344709329307, 0.12037199712358415, 0.12117222300730646]",3368.6796875
j-12402286-job-0,onnx-tta,cpu,trial-2-onnx-tta-cpu,full,8,11.97845406650308,"[0.6678658160381019, 0.6683775060810149, 0.6729175630025566, 0.6567499758675694, 0.6998441310133785, 0.6584836170077324, 0.6549387990962714]",3368.6796875
j-12402286-job-0,onnx-tta,cpu,trial-2-onnx-tta-cpu,north_europe,8,11.473912593637586,"[0.6960745120886713, 0.6921091279946268, 0.6972338280174881, 0.6884630040731281, 0.697710475884378, 0.7003450850024819, 0.7081587959546596]",3368.6796875
j-12402286-job-0,v2,cuda:0,trial-2-v2-cuda-0,full,1,161.00975047984645,"[0.006225686054676771, 0.006210803985595703, 0.006231123814359307, 0.006214058957993984, 0.006176542025059462, 0.006152705987915397, 0.00617922586388886]",4594.6171875
j-12402286-job-0,v2,cuda:0,trial-2-v2-cuda-0,north_europe,1,171.7774120541947,"[0.006263743154704571, 0.005925494013354182, 0.005821487167850137, 0.00581612903624773, 0.005780805833637714, 0.005824531894177198, 0.005644029937684536]",4594.6171875
j-12402286-job-0,v2,cuda:0,trial-2-v2-cuda-0,full,8,435.1032856195977,"[0.018386438954621553, 0.01836164202541113, 0.018457697005942464, 0.01846104208379984, 0.01831840700469911, 0.01843027607537806, 0.018302613869309425]",4594.6171875
j-12402286-job-0,v2,cuda:0,trial-2-v2-cuda-0,north_europe,8,429.62701399199307,"[0.01856072200462222, 0.018697799183428288, 0.018580020871013403, 0.018620803020894527, 0.018468794180080295, 0.021927202120423317, 0.01866384781897068]",4594.6171875
j-12402286-job-0,v2,cuda:0,trial-2-v2-cuda-0,full,32,540.2155170998104,"[0.059235617984086275, 0.07875998201780021, 0.058841024059802294, 0.059210200095549226, 0.058656576089560986, 0.06043864996172488, 0.05931689101271331]",4594.6171875
j-12402286-job-0,v2,cuda:0,trial-2-v2-cuda-0,north_europe,32,541.4671452872406,"[0.05885743908584118, 0.05875717801973224, 0.06654259306378663, 0.07518674014136195, 0.08202483900822699, 0.05909869191236794, 0.058883367804810405]",4594.6171875
j-12402286-job-0,torch,cuda:0,trial-2-torch-cuda-0,full,1,81.16874539926094,"[0.012348076095804572, 0.012338540982455015, 0.012180212885141373, 0.012737762182950974, 0.012134294025599957, 0.012320013018324971, 0.012225921964272857]",8188.09375
j-12402286-job-0,torch,cuda:0,trial-2-torch-cuda-0,north_europe,1,90.32262553783906,"[0.011130701983347535, 0.011071423068642616, 0.010942748980596662, 0.010968978982418776, 0.011071813991293311, 0.01107259513810277, 0.010944021865725517]",8188.09375
j-12402286-job-0,torch,cuda:0,trial-2-torch-cuda-0,full,8,322.7760557412565,"[0.026956066023558378, 0.022869671927765012, 0.02351571386680007, 0.02464865008369088, 0.025352459866553545, 0.024784985929727554, 0.025594915030524135]",8188.09375
j-12402286-job-0,torch,cuda:0,trial-2-torch-cuda-0,north_europe,8,337.08009179125736,"[0.02318065892904997, 0.023733231937512755, 0.025676697958260775, 0.024033724097535014, 0.024936974048614502, 0.023559550056234002, 0.02298811892978847]",8188.09375
j-12402286-job-0,torch,cuda:0,trial-2-torch-cuda-0,full,32,480.7295415676908,"[0.066565495217219, 0.0720324581488967, 0.06391856912523508, 0.0682739180047065, 0.06204661983065307, 0.069828248815611, 0.06434879591688514]",8188.09375
j-12402286-job-0,torch,cuda:0,trial-2-torch-cuda-0,north_europe,32,500.9489927365889,"[0.06387875904329121, 0.06351401889696717, 0.06271800096146762, 0.06341045419685543, 0.06653846404515207, 0.06531310896389186, 0.06620164797641337]",8188.09375
j-12402286-job-0,torch,cuda:0,trial-2-torch-cuda-0,full,256,484.9186025150553,"[0.5886720470152795, 0.5194524850230664, 0.5279236529022455, 0.5321383089758456, 0.5185856700409204, 0.5090254629030824, 0.5419068799819797]",8188.09375
j-12402286-job-0,torch,cuda:0,trial-2-torch-cuda-0,north_europe,256,481.25928590028155,"[0.5301802209578454, 0.5235195609275252, 0.5218246579170227, 0.5581743190996349, 0.5647571920417249, 0.5319377880077809, 0.5332872800063342]",8188.09375
j-12402286-job-0,onnx,cuda:0,trial-2-onnx-cuda-0,full,1,117.43148124386231,"[0.009210751159116626, 0.008725019870325923, 0.008515604073181748, 0.008552378974854946, 0.008464035810902715, 0.008427952183410525, 0.0084298150613904]",7060.80078125
j-12402286-job-0,onnx,cuda:0,trial-2-onnx-cuda-0,north_europe,1,134.13082380094173,"[0.007412181934341788, 0.01019041589461267, 0.0075198139529675245, 0.0074878770392388105, 0.007455407874658704, 0.007364019984379411, 0.007341606076806784]",7060.80078125
j-12402286-job-0,onnx,cuda:0,trial-2-onnx-cuda-0,full,8,325.31454366855536,"[0.024591584224253893, 0.02307168487459421, 0.02683611516840756, 0.0241467640735209, 0.02690870384685695, 0.022939695976674557, 0.026479606982320547]",7060.80078125
j-12402286-job-0,onnx,cuda:0,trial-2-onnx-cuda-0,north_europe,8,340.8623552706615,"[0.02758285799063742, 0.021402932005003095, 0.023720962926745415, 0.021846329793334007, 0.023469884181395173, 0.023912010015919805, 0.02184208296239376]",7060.80078125
j-12402286-job-0,onnx,cuda:0,trial-2-onnx-cuda-0,full,32,423.8299274486698,"[0.0741583900526166, 0.07550198305398226, 0.0761240900028497, 0.07465476705692708, 0.07128015486523509, 0.08219688618555665, 0.0815178130287677]",7060.80078125
j-12402286-job-0,onnx,cuda:0,trial-2-onnx-cuda-0,north_europe,32,450.86059104277984,"[0.07909955084323883, 0.07021824596449733, 0.069404860958457, 0.07097537606023252, 0.0775834871456027, 0.0735903240274638, 0.07062368700280786]",7060.80078125
j-12402286-job-0,onnx,cuda:0,trial-2-onnx-cuda-0,full,256,434.5044535105278,"[0.574277161154896, 0.5931331771425903, 0.5964784759562463, 0.5891769300214946, 0.5599386470858008, 0.5884639860596508, 0.6193525118287653]",7060.80078125
j-12402286-job-0,onnx,cuda:0,trial-2-onnx-cuda-0,north_europe,256,478.92680686887013,"[0.5445930592250079, 0.5345284421928227, 0.5330053579527885, 0.5284217949956656, 0.5155887200962752, 0.5453968490473926, 0.5621617650613189]",7060.80078125
j-12402286-job-0,torch-tta,cuda:0,trial-2-torch-tta-cuda-0,full,1,26.260199396954842,"[0.037721110973507166, 0.03801258001476526, 0.03808044199831784, 0.03809234988875687, 0.03801942989230156, 0.038160863099619746, 0.038136095041409135]",14292.49609375
j-12402286-job-0,torch-tta,cuda:0,trial-2-torch-tta-cuda-0,north_europe,1,27.230164064477638,"[0.03656417992897332, 0.03672397998161614, 0.03676391998305917, 0.03692037612199783, 0.03687181300483644, 0.03671504696831107, 0.03668679506517947]",14292.49609375
j-12402286-job-0,torch-tta,cuda:0,trial-2-torch-tta-cuda-0,full,8,99.30083520557004,"[0.08817261201329529, 0.08056327002122998, 0.08243331499397755, 0.07751480210572481, 0.07711792504414916, 0.07972776307724416, 0.09396216599270701]",14292.49609375
j-12402286-job-0,torch-tta,cuda:0,trial-2-torch-tta-cuda-0,north_europe,8,106.39880955051781,"[0.07518881116993725, 0.07190941600129008, 0.07072232896462083, 0.07734115002676845, 0.07790594105608761, 0.08185646589845419, 0.07008080300875008]",14292.49609375
j-12402286-job-0,torch-tta,cuda:0,trial-2-torch-tta-cuda-0,full,32,132.9525566642423,"[0.2475315509364009, 0.23692860314622521, 0.24068736098706722, 0.24118130397982895, 0.23645635298453271, 0.27485791803337634, 0.23347910190932453]",14292.49609375
j-12402286-job-0,torch-tta,cuda:0,trial-2-torch-tta-cuda-0,north_europe,32,138.92376989105296,"[0.22001846390776336, 0.2268230440095067, 0.23034215113148093, 0.24066580785438418, 0.23546897689811885, 0.2404360631480813, 0.22566359979100525]",14292.49609375
j-12402286-job-0,torch-tta,cuda:0,trial-2-torch-tta-cuda-0,full,256,122.06936407090326,"[2.336555507965386, 2.2735475189983845, 2.097168294014409, 2.4015583801083267, 2.064423801843077, 1.9175253270659596, 1.9486562099773437]",14292.49609375
j-12402286-job-0,torch-tta,cuda:0,trial-2-torch-tta-cuda-0,north_europe,256,135.18809740356323,"[1.9579639059957117, 1.7155220229178667, 1.942531730979681, 1.734958509216085, 1.8936578361317515, 1.915506506105885, 1.7982790840324014]",14292.49609375
j-12402286-job-0,onnx-tta,cuda:0,trial-2-onnx-tta-cuda-0,full,1,36.14877051834988,"[0.028116188943386078, 0.03089137887582183, 0.027929709060117602, 0.0276634581387043, 0.027452199021354318, 0.0275122900493443, 0.02757573500275612]",11595.35546875
j-12402286-job-0,onnx-tta,cuda:0,trial-2-onnx-tta-cuda-0,north_europe,1,37.56068717253849,"[0.026412914041429758, 0.02669455809518695, 0.026539754820987582, 0.02662358107045293, 0.026637681992724538, 0.026736621977761388, 0.026592865120619535]",11595.35546875
j-12402286-job-0,onnx-tta,cuda:0,trial-2-onnx-tta-cuda-0,full,8,104.12237774423836,"[0.07774468092247844, 0.07633712119422853, 0.0736997879575938, 0.08207742706872523, 0.07361253700219095, 0.09045886108651757, 0.07683266722597182]",11595.35546875
j-12402286-job-0,onnx-tta,cuda:0,trial-2-onnx-tta-cuda-0,north_europe,8,107.9165737978222,"[0.0715147671289742, 0.07413133792579174, 0.07240796298719943, 0.07436913577839732, 0.07409627479501069, 0.0758538031950593, 0.08407669910229743]",11595.35546875
j-12402286-job-0,onnx-tta,cuda:0,trial-2-onnx-tta-cuda-0,full,32,126.85090984687861,"[0.24829021096229553, 0.2550519860815257, 0.24642864800989628, 0.24601408280432224, 0.2557852999307215, 0.2522646470461041, 0.2615428620483726]",11595.35546875
j-12402286-job-0,onnx-tta,cuda:0,trial-2-onnx-tta-cuda-0,north_europe,32,130.58932515296468,"[0.23987787100486457, 0.24645433598197997, 0.24504299997352064, 0.2538256689440459, 0.24065447016619146, 0.24092900287359953, 0.248415068956092]",11595.35546875
j-12402286-job-0,onnx-tta,cuda:0,trial-2-onnx-tta-cuda-0,full,256,117.77401530612686,"[1.999306048033759, 2.1736543441656977, 2.234514598036185, 2.359678902197629, 2.0039377121720463, 2.0673675059806556, 2.207722074119374]",11595.35546875
j-12402286-job-0,onnx-tta,cuda:0,trial-2-onnx-tta-cuda-0,north_europe,256,121.47803542354946,"[2.080478888936341, 2.138539368053898, 1.9661309530492872, 1.9944482129067183, 2.107376853004098, 2.2597598631400615, 2.1151587599888444]",11595.35546875
