model,scope,rank,cutoff,domain,class_count,truth_images_in_retained_classes,accepted_predictions_in_retained_classes,report_images,overall_coverage,accuracy,precision,recall,f1
v2,zero,species,-1,per_model,12632,568939,568939,568939,1.0,0.8775332728247491,0.8448274823412316,0.8775332728247491,0.850372188202817
torch,zero,species,-1,per_model,12632,568939,568939,568939,1.0,0.9295522392148737,0.9084034020798256,0.9295522392148737,0.9144754993404935
onnx,zero,species,-1,per_model,12632,568939,568939,568939,1.0,0.929545760642923,0.9083939953917602,0.929545760642923,0.9144694069143972
torch-tta,zero,species,-1,per_model,12632,568939,568939,568939,1.0,0.9031914801618097,0.8957682319690011,0.9031914801618097,0.8931233034667367
onnx-tta,zero,species,-1,per_model,12632,568939,568939,568939,1.0,0.903254258165182,0.8958363209627044,0.903254258165182,0.8931813750062196
v2,zero,species,5,per_model,10916,560528,558639,568939,1.0,0.8898344938001994,0.859133756872216,0.8898344938001994,0.8671738560913168
v2,zero,species,5,common,10732,559258,556775,568939,1.0,0.892042637746108,0.8624807091335043,0.892042637746108,0.870130409847651
torch,zero,species,5,per_model,11024,561352,560419,568939,1.0,0.9348916502566212,0.9176309501354614,0.9348916502566212,0.923323778252479
torch,zero,species,5,common,10732,559258,558238,568939,1.0,0.9371951539678676,0.920053780228017,0.9371951539678676,0.9257802069792285
onnx,zero,species,5,per_model,11023,561346,560412,568939,1.0,0.9349063992486292,0.9176431065400046,0.9349063992486292,0.9233383284058694
onnx,zero,species,5,common,10732,559258,558236,568939,1.0,0.9372070517025534,0.9200666309904021,0.9372070517025534,0.9257949069356713
torch-tta,zero,species,5,per_model,10906,560439,560252,568939,1.0,0.9145122082372219,0.9040744836279291,0.9145122082372219,0.9054421933610873
torch-tta,zero,species,5,common,10732,559258,558982,568939,1.0,0.9160969130174343,0.9061800058338343,0.9160969130174343,0.9073461234817897
onnx-tta,zero,species,5,per_model,10907,560445,560258,568939,1.0,0.9145713598093338,0.9041187052013864,0.9145713598093338,0.905496546764529
onnx-tta,zero,species,5,common,10732,559258,558984,568939,1.0,0.9161801232055252,0.9062393050497608,0.9161801232055252,0.9074189531592058
v2,zero,species,10,per_model,8357,539923,534214,568939,1.0,0.8951105023339889,0.8803886049108982,0.8951105023339889,0.8829762240880302
v2,zero,species,10,common,8220,538215,531734,568939,1.0,0.8971896508002563,0.8841533826265109,0.8971896508002563,0.8861137420840434
torch,zero,species,10,per_model,8418,540767,538164,568939,1.0,0.9380158443604093,0.9296376645105903,0.9380158443604093,0.9320805568483266
torch,zero,species,10,common,8220,538215,535520,568939,1.0,0.9402949033689514,0.9320804614980398,0.9402949033689514,0.9344958099860401
onnx,zero,species,10,per_model,8418,540767,538167,568939,1.0,0.9380428919356814,0.9296503994930084,0.9380428919356814,0.9321018436377108
onnx,zero,species,10,common,8220,538215,535522,568939,1.0,0.9403226024551605,0.9320974182871349,0.9403226024551605,0.9345190051373535
torch-tta,zero,species,10,per_model,8319,539488,538099,568939,1.0,0.9203211708443862,0.9166550444469626,0.9203211708443862,0.9159746062189662
torch-tta,zero,species,10,common,8220,538215,536830,568939,1.0,0.9211332254340128,0.9175233686268738,0.9211332254340128,0.9168731065085346
onnx-tta,zero,species,10,per_model,8319,539483,538098,568939,1.0,0.92037212552277,0.9167108005058885,0.92037212552277,0.9160385012807551
onnx-tta,zero,species,10,common,8220,538215,536830,568939,1.0,0.9211467767684987,0.9175744487497752,0.9211467767684987,0.9169124697458879
v2,zero,species,20,per_model,5848,501474,491150,568939,1.0,0.9017298315234328,0.9059592212945008,0.9017298315234328,0.9009425455604116
v2,zero,species,20,common,5731,498591,487865,568939,1.0,0.9038010699656939,0.90938248738554,0.9038010699656939,0.9038380155005598
torch,zero,species,20,per_model,5902,502780,498324,568939,1.0,0.9426777967218563,0.9440419050324644,0.9426777967218563,0.9424333577615158
torch,zero,species,20,common,5731,498591,494107,568939,1.0,0.9443702914364024,0.9458085393432879,0.9443702914364024,0.944187060216263
onnx,zero,species,20,per_model,5901,502758,498305,568939,1.0,0.9427320388202419,0.9440874403033691,0.9427320388202419,0.9424850295533255
onnx,zero,species,20,common,5731,498591,494107,568939,1.0,0.9444129968792908,0.945849455959867,0.9444129968792908,0.9442310591069565
torch-tta,zero,species,20,per_model,5837,500984,498762,568939,1.0,0.927167942433883,0.92839515030944,0.927167942433883,0.926323530505297
torch-tta,zero,species,20,common,5731,498591,496322,568939,1.0,0.9279814852456145,0.9294383563309784,0.9279814852456145,0.9272619166439888
onnx-tta,zero,species,20,per_model,5836,500962,498747,568939,1.0,0.9272175462279626,0.9284436495884548,0.9272175462279626,0.9263759507200151
onnx-tta,zero,species,20,common,5731,498591,496329,568939,1.0,0.9279913018908342,0.9294415780050014,0.9279913018908342,0.9272719293868689
v2,zero,genus,-1,per_model,4476,568939,568939,568939,1.0,0.9449328592412035,0.9072671198812579,0.9449328592412035,0.9213682143792531
torch,zero,genus,-1,per_model,4476,568939,568939,568939,1.0,0.9700441575339722,0.9534379966946678,0.9700441575339722,0.9600051179818128
onnx,zero,genus,-1,per_model,4476,568939,568939,568939,1.0,0.9700350462704753,0.9534572983167396,0.9700350462704753,0.9600143434479116
torch-tta,zero,genus,-1,per_model,4476,568939,568939,568939,1.0,0.9525452203980439,0.9370642917998594,0.9525452203980439,0.9422165624061323
onnx-tta,zero,genus,-1,per_model,4476,568939,568939,568939,1.0,0.9524334553173022,0.9371069603411143,0.9524334553173022,0.9421777591016375
v2,zero,genus,5,per_model,4096,567151,566855,568939,1.0,0.9472634049157832,0.9131916817978536,0.9472634049157832,0.9265881804644791
v2,zero,genus,5,common,4077,567027,566720,568939,1.0,0.9479651709033954,0.913798169374068,0.9479651709033954,0.9272747658088364
torch,zero,genus,5,per_model,4107,567216,567078,568939,1.0,0.971127350882503,0.9577638403342953,0.971127350882503,0.9633165216188838
torch,zero,genus,5,common,4077,567027,566882,568939,1.0,0.9714171324802696,0.9581319473622291,0.9714171324802696,0.9636531390879689
onnx,zero,genus,5,per_model,4107,567216,567079,568939,1.0,0.9711174210029285,0.9577442950198877,0.9711174210029285,0.9633044408045054
onnx,zero,genus,5,common,4077,567027,566883,568939,1.0,0.9714071295331486,0.9581122582265235,0.9714071295331486,0.9636409693787092
torch-tta,zero,genus,5,per_model,4098,567160,567039,568939,1.0,0.955211201010184,0.9413856953684685,0.955211201010184,0.9464056106523142
torch-tta,zero,genus,5,common,4077,567027,566891,568939,1.0,0.9554622976340493,0.9419053142860855,0.9554622976340493,0.946826548337692
onnx-tta,zero,genus,5,per_model,4097,567154,567032,568939,1.0,0.9551188449853553,0.9414520982548996,0.9551188449853553,0.9463993752658038
onnx-tta,zero,genus,5,common,4077,567027,566890,568939,1.0,0.9553804742750274,0.9419864197387074,0.9553804742750274,0.9468334279086545
v2,zero,genus,10,per_model,3458,562081,561074,568939,1.0,0.9491963374320637,0.9236764435595063,0.9491963374320637,0.9340308144742723
v2,zero,genus,10,common,3431,561762,560668,568939,1.0,0.9501714517217695,0.9249819852768866,0.9501714517217695,0.9352580486950688
torch,zero,genus,10,per_model,3465,562162,561762,568939,1.0,0.9723113450903962,0.962961804837905,0.9723113450903962,0.966981073692487
torch,zero,genus,10,common,3431,561762,561337,568939,1.0,0.9726570872678164,0.963524847606718,0.9726570872678164,0.9674634884761172
onnx,zero,genus,10,per_model,3465,562162,561763,568939,1.0,0.9722995753889785,0.9629677896848711,0.9722995753889785,0.9669757734240944
onnx,zero,genus,10,common,3431,561762,561338,568939,1.0,0.9726452009328085,0.9635308917614068,0.9726452009328085,0.9674581356839339
torch-tta,zero,genus,10,per_model,3452,562005,561552,568939,1.0,0.9570998065013813,0.9482638561509876,0.9570998065013813,0.9515461269141664
torch-tta,zero,genus,10,common,3431,561762,561309,568939,1.0,0.9573515304014386,0.9484564997611858,0.9573515304014386,0.951766676155064
onnx-tta,zero,genus,10,per_model,3452,562005,561556,568939,1.0,0.9570393795504154,0.9482498429778413,0.9570393795504154,0.9515066189636512
onnx-tta,zero,genus,10,common,3431,561762,561313,568939,1.0,0.9572907335973774,0.9484424008181076,0.9572907335973774,0.9517269263896374
v2,zero,genus,20,per_model,2775,551765,549650,568939,1.0,0.9514523669537318,0.9362851124691781,0.9514523669537318,0.9424419495154486
v2,zero,genus,20,common,2754,551296,549021,568939,1.0,0.9524285882296903,0.9379631196001276,0.9524285882296903,0.9438613537384478
torch,zero,genus,20,per_model,2779,551854,551141,568939,1.0,0.9735092290300909,0.9676010415739535,0.9735092290300909,0.9701842471206528
torch,zero,genus,20,common,2754,551296,550567,568939,1.0,0.9741215463330197,0.96827917122569,0.9741215463330197,0.9708441875318052
onnx,zero,genus,20,per_model,2779,551854,551145,568939,1.0,0.9735180277959813,0.9675625563261884,0.9735180277959813,0.9701656109250639
onnx,zero,genus,20,common,2754,551296,550570,568939,1.0,0.9741304249715125,0.9682452187473357,0.9741304249715125,0.9708282639734884
torch-tta,zero,genus,20,per_model,2766,551560,550843,568939,1.0,0.9597015608526598,0.9537068881488286,0.9597015608526598,0.9559567736922241
torch-tta,zero,genus,20,common,2754,551296,550569,568939,1.0,0.9599314581499482,0.9540423387101321,0.9599314581499482,0.9562438389126422
onnx-tta,zero,genus,20,per_model,2767,551582,550868,568939,1.0,0.9596078837704425,0.9536848297971696,0.9596078837704425,0.955899607636505
onnx-tta,zero,genus,20,common,2754,551296,550575,568939,1.0,0.9598722209352499,0.954013741345455,0.9598722209352499,0.9561988978480757
v2,zero,family,-1,per_model,104,568939,568939,568939,1.0,0.9705788744761545,0.9509880328905062,0.9705788744761545,0.9597726462561909
torch,zero,family,-1,per_model,104,568939,568939,568939,1.0,0.9847079901805926,0.9765407345826963,0.9847079901805926,0.980351974922878
onnx,zero,family,-1,per_model,104,568939,568939,568939,1.0,0.9845608356725373,0.9760061052351259,0.9845608356725373,0.9799783228875365
torch-tta,zero,family,-1,per_model,104,568939,568939,568939,1.0,0.9681161624170399,0.9623314442357818,0.9681161624170399,0.9645304134232945
onnx-tta,zero,family,-1,per_model,104,568939,568939,568939,1.0,0.9681041671465577,0.9623128857780121,0.9681041671465577,0.9645148542838584
v2,zero,family,5,per_model,101,568926,568924,568939,1.0,0.9697049796586146,0.9523610862012567,0.9697049796586146,0.9602279393793121
v2,zero,family,5,common,101,568926,568924,568939,1.0,0.9697049796586146,0.9523610862012567,0.9697049796586146,0.9602279393793121
torch,zero,family,5,per_model,101,568926,568926,568939,1.0,0.9842537720671449,0.975843924718816,0.9842537720671449,0.9797683702176169
torch,zero,family,5,common,101,568926,568926,568939,1.0,0.9842537720671449,0.975843924718816,0.9842537720671449,0.9797683702176169
onnx,zero,family,5,per_model,101,568926,568926,568939,1.0,0.9841022466331076,0.9752934152916147,0.9841022466331076,0.9793836196069683
onnx,zero,family,5,common,101,568926,568926,568939,1.0,0.9841022466331076,0.9752934152916147,0.9841022466331076,0.9793836196069683
torch-tta,zero,family,5,per_model,101,568926,568925,568939,1.0,0.9671691177363579,0.9628627412592868,0.9671691177363579,0.9643769513557596
torch-tta,zero,family,5,common,101,568926,568925,568939,1.0,0.9671691177363579,0.9628627412592868,0.9671691177363579,0.9643769513557596
onnx-tta,zero,family,5,per_model,101,568926,568925,568939,1.0,0.9671567661707129,0.9628436315601973,0.9671567661707129,0.9643609300636667
onnx-tta,zero,family,5,common,101,568926,568925,568939,1.0,0.9671567661707129,0.9628436315601973,0.9671567661707129,0.9643609300636667
v2,zero,family,10,per_model,100,568917,568916,568939,1.0,0.9705131405663119,0.9518846970632694,0.9705131405663119,0.9604184540672229
v2,zero,family,10,common,99,568905,568905,568939,1.0,0.9718987951848268,0.9523169575478387,0.9718987951848268,0.9613361635285959
torch,zero,family,10,per_model,99,568905,568908,568939,1.0,0.9867415025915093,0.9753559231979841,0.9867415025915093,0.9808721011343452
torch,zero,family,10,common,99,568905,568908,568939,1.0,0.9867415025915093,0.9753559231979841,0.9867415025915093,0.9808721011343452
onnx,zero,family,10,per_model,99,568905,568908,568939,1.0,0.9865869160375925,0.974794292368213,0.9865869160375925,0.9804795777840875
onnx,zero,family,10,common,99,568905,568908,568939,1.0,0.9865869160375925,0.974794292368213,0.9865869160375925,0.9804795777840875
torch-tta,zero,family,10,per_model,99,568905,568908,568939,1.0,0.970153454570538,0.9621124936079593,0.970153454570538,0.9656944723151579
torch-tta,zero,family,10,common,99,568905,568908,568939,1.0,0.970153454570538,0.9621124936079593,0.970153454570538,0.9656944723151579
onnx-tta,zero,family,10,per_model,99,568905,568908,568939,1.0,0.970140853478314,0.9620929978543427,0.970140853478314,0.9656781273605988
onnx-tta,zero,family,10,common,99,568905,568908,568939,1.0,0.970140853478314,0.9620929978543427,0.970140853478314,0.9656781273605988
v2,zero,family,20,per_model,95,568844,568840,568939,1.0,0.9741493045458317,0.9558568315711183,0.9741493045458317,0.9643318929324275
v2,zero,family,20,common,95,568844,568840,568939,1.0,0.9741493045458317,0.9558568315711183,0.9741493045458317,0.9643318929324275
torch,zero,family,20,per_model,95,568844,568844,568939,1.0,0.9861832500690465,0.9760726638238643,0.9861832500690465,0.9809866628450878
torch,zero,family,20,common,95,568844,568844,568939,1.0,0.9861832500690465,0.9760726638238643,0.9861832500690465,0.9809866628450878
onnx,zero,family,20,per_model,95,568844,568843,568939,1.0,0.9860221546075963,0.975979844598429,0.9860221546075963,0.9808606727885303
onnx,zero,family,20,common,95,568844,568843,568939,1.0,0.9860221546075963,0.975979844598429,0.9860221546075963,0.9808606727885303
torch-tta,zero,family,20,per_model,95,568844,568841,568939,1.0,0.9704728907663592,0.964964176423538,0.9704728907663592,0.9674882117511958
torch-tta,zero,family,20,common,95,568844,568841,568939,1.0,0.9704728907663592,0.964964176423538,0.9704728907663592,0.9674882117511958
onnx-tta,zero,family,20,per_model,95,568844,568841,568939,1.0,0.9704597591018311,0.964943859796085,0.9704597591018311,0.9674711785880233
onnx-tta,zero,family,20,common,95,568844,568841,568939,1.0,0.9704597591018311,0.964943859796085,0.9704597591018311,0.9674711785880233
v2,optimized,species,-1,per_model,12632,568939,546194,568939,0.9600220761803989,0.9037265793690537,0.8744630133499443,0.8617359559506923,0.8577212237023112
torch,optimized,species,-1,per_model,12632,568939,554475,568939,0.9745772393877024,0.9459195194605763,0.9308209935558278,0.9187824413723291,0.9207369197765051
onnx,optimized,species,-1,per_model,12632,568939,554457,568939,0.974545601549551,0.9459922827275581,0.9308488990338033,0.9188180504133524,0.920776413807909
torch-tta,optimized,species,-1,per_model,12632,568939,551819,568939,0.9699089006027009,0.924348693798147,0.9180616415933389,0.8923771863774734,0.8990523856912974
onnx-tta,optimized,species,-1,per_model,12632,568939,551892,568939,0.9700372096129813,0.9243532804255711,0.9180792238778338,0.892479370530307,0.8991069244273215
v2,optimized,species,5,per_model,10804,559672,536383,568939,0.9600220761803989,0.9158611562057326,0.8878390711410652,0.8776764147426164,0.8761661941794936
v2,optimized,species,5,common,10602,558259,534450,568939,0.9600220761803989,0.9177121083679098,0.891762023479617,0.8801101949128962,0.8795222528459896
torch,optimized,species,5,per_model,10937,560779,546176,568939,0.9745772393877024,0.9513947315854316,0.9384133494807109,0.9266526292978261,0.9300604171769342
torch,optimized,species,5,common,10602,558259,543718,568939,0.9745772393877024,0.9532783476173154,0.9407074772137323,0.9290829607634777,0.9325396241152072
onnx,optimized,species,5,per_model,10936,560772,546150,568939,0.974545601549551,0.9514303559397785,0.9384500205116991,0.9267201467445534,0.9301162917573901
onnx,optimized,species,5,common,10602,558259,543696,568939,0.974545601549551,0.9532904839498968,0.9407443752022229,0.9291231422275786,0.932580761385352
torch-tta,optimized,species,5,per_model,10825,559907,543290,568939,0.9699089006027009,0.9345626371964706,0.9252272362524564,0.9057840551177695,0.9120214401052257
torch-tta,optimized,species,5,common,10602,558259,541677,568939,0.9699089006027009,0.9363450738235962,0.9279542708375016,0.9080426198963741,0.9146258206280785
onnx-tta,optimized,species,5,per_model,10824,559900,543357,568939,0.9700372096129813,0.9346673465396608,0.925332388146371,0.9059777519279791,0.912173055325448
onnx-tta,optimized,species,5,common,10602,558259,541751,568939,0.9700372096129813,0.9363638260678422,0.9279653724002486,0.9081549374042587,0.9146897500425569
v2,optimized,species,10,per_model,8253,538583,513453,568939,0.9600220761803989,0.919702396828417,0.9059511438670541,0.8834063629447468,0.8899652418620435
v2,optimized,species,10,common,8098,536616,510817,568939,0.9600220761803989,0.9215043345441031,0.9099653600413793,0.8855370730719558,0.8932241894066936
torch,optimized,species,10,per_model,8346,539898,524917,568939,0.9745772393877024,0.9538984340441033,0.9473939736393223,0.9301602417862408,0.937148187830096
torch,optimized,species,10,common,8098,536616,521708,568939,0.9745772393877024,0.9557823065433836,0.9496750937304543,0.9325411959209317,0.939535293611614
onnx,optimized,species,10,per_model,8346,539898,524893,568939,0.974545601549551,0.9539206501272308,0.9474282931419843,0.9301672088051162,0.9371699294742781
onnx,optimized,species,10,common,8098,536616,521686,568939,0.974545601549551,0.955801772788383,0.9496911211579956,0.9325483763036845,0.9395489940596635
torch-tta,optimized,species,10,per_model,8249,538601,522010,568939,0.9699089006027009,0.9393834246589234,0.9350057267421275,0.9114834461988911,0.9208747951169612
torch-tta,optimized,species,10,common,8098,536616,520083,568939,0.9699089006027009,0.9407200968998959,0.9367295913481962,0.9130456217866014,0.922581735577435
onnx-tta,optimized,species,10,per_model,8250,538612,522092,568939,0.9700372096129813,0.93934641972003,0.9349791393850145,0.9115472154224278,0.9208988400212919
onnx-tta,optimized,species,10,common,8098,536616,520154,568939,0.9700372096129813,0.9406749119997709,0.9366904984361594,0.9130996572941806,0.922594828425376
v2,optimized,species,20,per_model,5743,498972,472082,568939,0.9600220761803989,0.9250972898319929,0.9288745734119677,0.8907524166746096,0.9064159828472291
v2,optimized,species,20,common,5619,495885,468673,568939,0.9600220761803989,0.9264955543696868,0.9322684160108836,0.8924860724765344,0.9091256637933713
torch,optimized,species,20,per_model,5839,501367,486352,568939,0.9745772393877024,0.9573531978360545,0.9579644649920425,0.9347857154368387,0.9453054680104727
torch,optimized,species,20,common,5619,495885,481020,568939,0.9745772393877024,0.9590960455020283,0.960085603968183,0.9369176471418931,0.9474691370958213
onnx,optimized,species,20,per_model,5839,501366,486333,568939,0.974545601549551,0.9573343733074557,0.9579445192550318,0.9347554839982136,0.945279034518881
onnx,optimized,species,20,common,5619,495885,481001,568939,0.974545601549551,0.9590794950769043,0.9600785045004131,0.9368942906754668,0.9474527915410534
torch-tta,optimized,species,20,per_model,5768,499433,483547,568939,0.9699089006027009,0.9453421202510482,0.9452047271577229,0.9179877458923795,0.9300978516335463
torch-tta,optimized,species,20,common,5619,495885,480062,568939,0.9699089006027009,0.9467143599325811,0.9471899070701052,0.9195557591284796,0.931901907237806
onnx-tta,optimized,species,20,per_model,5767,499411,483596,568939,0.9700372096129813,0.9453315110109051,0.9452038535954121,0.9181109692132279,0.9301645658053365
onnx-tta,optimized,species,20,common,5619,495885,480131,568939,0.9700372096129813,0.9466355110164897,0.947119470617321,0.9196145270414563,0.9319011751009653
v2,optimized,genus,-1,per_model,4476,568939,547692,568939,0.9626550473776626,0.9709681846201991,0.945956754906805,0.924476997515889,0.9315715620856552
torch,optimized,genus,-1,per_model,4476,568939,557792,568939,0.9804073898959291,0.9843532446734725,0.9768370043872598,0.9598662398316677,0.9670807734237682
onnx,optimized,genus,-1,per_model,4476,568939,557681,568939,0.9802122898939957,0.9843807286145065,0.9770218695519097,0.9596964890327477,0.9670747932811063
torch-tta,optimized,genus,-1,per_model,4476,568939,553424,568939,0.9727299411711976,0.9715101613252839,0.9625019705071297,0.9403692157002803,0.9493424432950821
onnx-tta,optimized,genus,-1,per_model,4476,568939,553316,568939,0.9725401141422895,0.9717039507950574,0.9627559769001354,0.9402188527993052,0.9493781942192143
v2,optimized,genus,5,per_model,4062,566924,545706,568939,0.9626550473776626,0.9730233189102614,0.9504203032640921,0.9299499941848702,0.9376102329360426
v2,optimized,genus,5,common,4042,566796,545570,568939,0.9626550473776626,0.9734046694197016,0.9512441119322542,0.9305841568761081,0.9383497485198514
torch,optimized,genus,5,per_model,4091,567116,556011,568939,0.9804073898959291,0.9850364631575421,0.9789962410446256,0.9626984563003262,0.9700444306631667
torch,optimized,genus,5,common,4042,566796,555695,568939,0.9804073898959291,0.9852486590471086,0.9794558453427681,0.9630513085239086,0.9704594874167481
onnx,optimized,genus,5,per_model,4091,567116,555902,568939,0.9802122898939957,0.9850665335853271,0.9790844321495648,0.9625127304201095,0.9699928799169721
onnx,optimized,genus,5,common,4042,566796,555586,568939,0.9802122898939957,0.9852790940100151,0.9795451055630318,0.9628633311424227,0.9704073117357285
torch-tta,optimized,genus,5,per_model,4087,567091,551619,568939,0.9727299411711976,0.9739612141159694,0.9654057218177811,0.9441101844287167,0.9533108456199497
torch-tta,optimized,genus,5,common,4042,566796,551321,568939,0.9727299411711976,0.9741322556482092,0.9663131588925964,0.944725691696706,0.9541105972556507
onnx-tta,optimized,genus,5,per_model,4087,567091,551512,568939,0.9725401141422895,0.9741122788741553,0.9656716705858495,0.9440066795731344,0.9533858183708201
onnx-tta,optimized,genus,5,common,4042,566796,551215,568939,0.9725401141422895,0.9743203454081207,0.9665903152380758,0.9446519597954779,0.9542041917775816
v2,optimized,genus,10,per_model,3422,561652,540352,568939,0.9626550473776626,0.9734800560246962,0.9565101129613048,0.9320816173013914,0.9423840637091992
v2,optimized,genus,10,common,3399,561375,540016,568939,0.9626550473776626,0.9739032617284332,0.9574089837386313,0.9326845149652051,0.943205268402783
torch,optimized,genus,10,per_model,3450,561991,550937,568939,0.9804073898959291,0.9853176604244238,0.9808685545250592,0.9634766998535845,0.9716169229580529
torch,optimized,genus,10,common,3399,561375,550339,568939,0.9804073898959291,0.9855862214845251,0.9812407816841605,0.9640623745508275,0.9721216914659299
onnx,optimized,genus,10,per_model,3450,561991,550832,568939,0.9802122898939957,0.9853671204730292,0.9809384610579636,0.9632926985272173,0.9715536681027205
onnx,optimized,genus,10,common,3399,561375,550234,568939,0.9802122898939957,0.9856364236521301,0.9813117371235606,0.9638756123925556,0.9720574875086198
torch-tta,optimized,genus,10,per_model,3429,561730,546343,568939,0.9727299411711976,0.9749187044499045,0.9691224108929244,0.946350886524944,0.9567459154446961
torch-tta,optimized,genus,10,common,3399,561375,546001,568939,0.9727299411711976,0.9750657062256015,0.969389941537953,0.9466740165053914,0.9570462433877086
onnx-tta,optimized,genus,10,per_model,3429,561730,546244,568939,0.9725401141422895,0.9750748967756228,0.9692801960108036,0.9462848043513266,0.9567847024096895
onnx-tta,optimized,genus,10,common,3399,561375,545902,568939,0.9725401141422895,0.9751938567065922,0.9695491192870581,0.9466073510822276,0.9570853726913163
v2,optimized,genus,20,per_model,2744,551057,529652,568939,0.9626550473776626,0.9744155465355695,0.9644172200469284,0.9346448055336697,0.9481401135118747
v2,optimized,genus,20,common,2718,550466,528977,568939,0.9626550473776626,0.9751246579562103,0.9660046083551682,0.9356240006265886,0.9494673272983457
torch,optimized,genus,20,per_model,2765,551534,540646,568939,0.9804073898959291,0.9859898736016124,0.9831207620917415,0.9651332754412042,0.973745902522698
torch,optimized,genus,20,common,2718,550466,539612,568939,0.9804073898959291,0.986426765336266,0.9837622659851191,0.9659565896782382,0.9744900650585153
onnx,optimized,genus,20,per_model,2765,551534,540545,568939,0.9802122898939957,0.9860515868629824,0.9831907018461258,0.9649737261528443,0.9736958816120121
onnx,optimized,genus,20,common,2718,550466,539512,568939,0.9802122898939957,0.9865090020445816,0.9838374142507886,0.9658089981468492,0.974448877687717
torch-tta,optimized,genus,20,per_model,2746,551117,535951,568939,0.9727299411711976,0.9766830689435503,0.9727816384005233,0.9485632489700034,0.959941393384285
torch-tta,optimized,genus,20,common,2718,550466,535325,568939,0.9727299411711976,0.977064542064375,0.973306888624378,0.9491793130959524,0.9605169357740369
onnx-tta,optimized,genus,20,per_model,2745,551095,535834,568939,0.9725401141422895,0.9767764438699172,0.972898378196236,0.9484647219147074,0.9599463383428157
onnx-tta,optimized,genus,20,common,2718,550466,535228,568939,0.9725401141422895,0.9771848509403817,0.9734489057083235,0.9490820082537109,0.9605342527571652
v2,optimized,family,-1,per_model,104,568939,560532,568939,0.985223371925637,0.9886094792660989,0.9786092510915618,0.9509273853934727,0.9637305558575113
torch,optimized,family,-1,per_model,104,568939,563145,568939,0.9898161314306103,0.9948948540363234,0.9928704939132356,0.9735711206973268,0.9828384466133122
onnx,optimized,family,-1,per_model,104,568939,563126,568939,0.9897827359347838,0.994899624212835,0.9928702233945721,0.9735459402580976,0.9828257658861518
torch-tta,optimized,family,-1,per_model,104,568939,555940,568939,0.9771522078816886,0.9884734442452687,0.9837783443784444,0.951186192254207,0.966613846478881
onnx-tta,optimized,family,-1,per_model,104,568939,555880,568939,0.977046748421184,0.9884830018540828,0.9837869141498093,0.9509704435277845,0.9665038797027707
v2,optimized,family,5,per_model,101,568926,560519,568939,0.985223371925637,0.9882711469670721,0.979624047328605,0.9519450305041699,0.9649677628014595
v2,optimized,family,5,common,101,568926,560519,568939,0.985223371925637,0.9882711469670721,0.979624047328605,0.9519450305041699,0.9649677628014595
torch,optimized,family,5,per_model,101,568926,563132,568939,0.9898161314306103,0.9947432160374022,0.992658726405708,0.9727861044804157,0.9823286975028166
torch,optimized,family,5,common,101,568926,563132,568939,0.9898161314306103,0.9947432160374022,0.992658726405708,0.9727861044804157,0.9823286975028166
onnx,optimized,family,5,per_model,101,568926,563113,568939,0.9897827359347838,0.994748127902325,0.9926584478518367,0.9727601761073481,0.9823156401203942
onnx,optimized,family,5,common,101,568926,563113,568939,0.9897827359347838,0.994748127902325,0.9926584478518367,0.9727601761073481,0.9823156401203942
torch-tta,optimized,family,5,per_model,101,568926,555926,568939,0.9771522078816886,0.9881310713020588,0.9849466780398504,0.9497362771726487,0.9665222685615121
torch-tta,optimized,family,5,common,101,568926,555926,568939,0.9771522078816886,0.9881310713020588,0.9849466780398504,0.9497362771726487,0.9665222685615121
onnx-tta,optimized,family,5,per_model,101,568926,555866,568939,0.977046748421184,0.9881409128002436,0.9849555023588796,0.9495141200682138,0.9664090354455174
onnx-tta,optimized,family,5,common,101,568926,555866,568939,0.977046748421184,0.9881409128002436,0.9849555023588796,0.9495141200682138,0.9664090354455174
v2,optimized,family,10,per_model,98,568894,560492,568939,0.985223371925637,0.9906950318000157,0.979000293675399,0.955086411050422,0.9664392220697487
v2,optimized,family,10,common,98,568894,560492,568939,0.985223371925637,0.9906950318000157,0.979000293675399,0.955086411050422,0.9664392220697487
torch,optimized,family,10,per_model,99,568905,563115,568939,0.9898161314306103,0.9956471193916931,0.9925104178482475,0.9758839157942737,0.9840088800005394
torch,optimized,family,10,common,98,568894,563104,568939,0.9898161314306103,0.9956027022426288,0.9924339935405765,0.9756378333023785,0.9838457053066675
onnx,optimized,family,10,per_model,99,568905,563096,568939,0.9897827359347838,0.9956521304862104,0.9925101336670252,0.9758574636156896,0.9839955588326134
onnx,optimized,family,10,common,98,568894,563085,568939,0.9897827359347838,0.9956077644707635,0.9924337064595459,0.9756111112036048,0.9838322482084564
torch-tta,optimized,family,10,per_model,99,568905,555909,568939,0.9771522078816886,0.9908501767114873,0.9846425705255039,0.9523684354095822,0.9678831292624407
torch-tta,optimized,family,10,common,98,568894,555898,568939,0.9771522078816886,0.990756811167727,0.9854135058462651,0.9528100428209972,0.968483049876436
onnx-tta,optimized,family,10,per_model,99,568905,555849,568939,0.977046748421184,0.9908602170278172,0.9846515731136045,0.9521417902828354,0.9677676086087491
onnx-tta,optimized,family,10,common,98,568894,555838,568939,0.977046748421184,0.9907669539362643,0.9854226002975096,0.9525810849888755,0.9683663504405639
v2,optimized,family,20,per_model,95,568844,560443,568939,0.985223371925637,0.9904011906989638,0.9809102444698268,0.9567640624210547,0.9682912665531597
v2,optimized,family,20,common,94,568821,560416,568939,0.985223371925637,0.9902990757063995,0.9830712281580402,0.9572291750185034,0.969656067261172
torch,optimized,family,20,per_model,95,568844,563053,568939,0.9898161314306103,0.9954638402081855,0.9928142620672449,0.9748685017224537,0.9836545489511204
torch,optimized,family,20,common,94,568821,563031,568939,0.9898161314306103,0.9954155831891236,0.9927378180466837,0.9750636800479007,0.9837170677933899
onnx,optimized,family,20,per_model,95,568844,563034,568939,0.9897827359347838,0.9954690622961561,0.9928139659204974,0.9748409357679292,0.9836406668919132
onnx,optimized,family,20,common,94,568821,563012,568939,0.9897827359347838,0.9954208608312215,0.9927375187494388,0.9750358208385408,0.9837030380527018
torch-tta,optimized,family,20,per_model,94,568821,555830,568939,0.9771522078816886,0.9916046187351479,0.9859748370643096,0.9545294449805456,0.9698103692137126
torch-tta,optimized,family,20,common,94,568821,555830,568939,0.9771522078816886,0.9916046187351479,0.9859748370643096,0.9545294449805456,0.9698103692137126
onnx-tta,optimized,family,20,per_model,94,568821,555770,568939,0.977046748421184,0.9916151931108571,0.9859843185134793,0.9542907442619505,0.9696887038443989
onnx-tta,optimized,family,20,common,94,568821,555770,568939,0.977046748421184,0.9916151931108571,0.9859843185134793,0.9542907442619505,0.9696887038443989
